company_name,ticker,year,marketcap,change_pct,image_url,image_local_path
NVIDIANVDA,,2026,$5.490 T,18.36%,https://companiesmarketcap.com/img/company-logos/256/NVDA.png,logos\NVIDIANVDA.png
NVIDIANVDA,,2025,$4.638 T,41.05%,https://companiesmarketcap.com/img/company-logos/256/NVDA.png,logos\NVIDIANVDA.png
NVIDIANVDA,,2024,$3.288 T,168.87%,https://companiesmarketcap.com/img/company-logos/256/NVDA.png,logos\NVIDIANVDA.png
NVIDIANVDA,,2023,$1.223 T,235.88%,https://companiesmarketcap.com/img/company-logos/256/NVDA.png,logos\NVIDIANVDA.png
NVIDIANVDA,,2022,$364.18 B,-50.47%,https://companiesmarketcap.com/img/company-logos/256/NVDA.png,logos\NVIDIANVDA.png
NVIDIANVDA,,2021,$735.27 B,127.47%,https://companiesmarketcap.com/img/company-logos/256/NVDA.png,logos\NVIDIANVDA.png
NVIDIANVDA,,2020,$323.24 B,124.47%,https://companiesmarketcap.com/img/company-logos/256/NVDA.png,logos\NVIDIANVDA.png
NVIDIANVDA,,2019,$144.00 B,76.83%,https://companiesmarketcap.com/img/company-logos/256/NVDA.png,logos\NVIDIANVDA.png
NVIDIANVDA,,2018,$81.43 B,-30.55%,https://companiesmarketcap.com/img/company-logos/256/NVDA.png,logos\NVIDIANVDA.png
NVIDIANVDA,,2017,$117.26 B,103.82%,https://companiesmarketcap.com/img/company-logos/256/NVDA.png,logos\NVIDIANVDA.png
NVIDIANVDA,,2016,$57.53 B,224.45%,https://companiesmarketcap.com/img/company-logos/256/NVDA.png,logos\NVIDIANVDA.png
NVIDIANVDA,,2015,$17.73 B,62.71%,https://companiesmarketcap.com/img/company-logos/256/NVDA.png,logos\NVIDIANVDA.png
NVIDIANVDA,,2014,$10.89 B,19.65%,https://companiesmarketcap.com/img/company-logos/256/NVDA.png,logos\NVIDIANVDA.png
NVIDIANVDA,,2013,$9.10 B,18.89%,https://companiesmarketcap.com/img/company-logos/256/NVDA.png,logos\NVIDIANVDA.png
NVIDIANVDA,,2012,$7.66 B,-9.49%,https://companiesmarketcap.com/img/company-logos/256/NVDA.png,logos\NVIDIANVDA.png
NVIDIANVDA,,2011,$8.46 B,-5.41%,https://companiesmarketcap.com/img/company-logos/256/NVDA.png,logos\NVIDIANVDA.png
NVIDIANVDA,,2010,$8.94 B,-13.68%,https://companiesmarketcap.com/img/company-logos/256/NVDA.png,logos\NVIDIANVDA.png
NVIDIANVDA,,2009,$10.36 B,139.16%,https://companiesmarketcap.com/img/company-logos/256/NVDA.png,logos\NVIDIANVDA.png
NVIDIANVDA,,2008,$4.33 B,-77.07%,https://companiesmarketcap.com/img/company-logos/256/NVDA.png,logos\NVIDIANVDA.png
NVIDIANVDA,,2007,$18.90 B,43.64%,https://companiesmarketcap.com/img/company-logos/256/NVDA.png,logos\NVIDIANVDA.png
NVIDIANVDA,,2006,$13.15 B,110.26%,https://companiesmarketcap.com/img/company-logos/256/NVDA.png,logos\NVIDIANVDA.png
NVIDIANVDA,,2005,$6.25 B,59.81%,https://companiesmarketcap.com/img/company-logos/256/NVDA.png,logos\NVIDIANVDA.png
NVIDIANVDA,,2004,$3.91 B,56.09%,https://companiesmarketcap.com/img/company-logos/256/NVDA.png,logos\NVIDIANVDA.png
NVIDIANVDA,,2003,$2.50 B,107.47%,https://companiesmarketcap.com/img/company-logos/256/NVDA.png,logos\NVIDIANVDA.png
NVIDIANVDA,,2002,$1.20 B,-81.25%,https://companiesmarketcap.com/img/company-logos/256/NVDA.png,logos\NVIDIANVDA.png
NVIDIANVDA,,2001,$6.44 B,189.88%,https://companiesmarketcap.com/img/company-logos/256/NVDA.png,logos\NVIDIANVDA.png
NVIDIANVDA,,2000,$2.22 B,131.55%,https://companiesmarketcap.com/img/company-logos/256/NVDA.png,logos\NVIDIANVDA.png
NVIDIANVDA,,1999,$0.96 B,,https://companiesmarketcap.com/img/company-logos/256/NVDA.png,logos\NVIDIANVDA.png
AppleAAPL,,2026,$4.947 T,23.77%,https://companiesmarketcap.com/img/company-logos/256/AAPL.png,logos\AppleAAPL.png
AppleAAPL,,2025,$3.997 T,6.12%,https://companiesmarketcap.com/img/company-logos/256/AAPL.png,logos\AppleAAPL.png
AppleAAPL,,2024,$3.766 T,25.79%,https://companiesmarketcap.com/img/company-logos/256/AAPL.png,logos\AppleAAPL.png
AppleAAPL,,2023,$2.994 T,44.87%,https://companiesmarketcap.com/img/company-logos/256/AAPL.png,logos\AppleAAPL.png
AppleAAPL,,2022,$2.066 T,-28.77%,https://companiesmarketcap.com/img/company-logos/256/AAPL.png,logos\AppleAAPL.png
AppleAAPL,,2021,$2.901 T,28.62%,https://companiesmarketcap.com/img/company-logos/256/AAPL.png,logos\AppleAAPL.png
AppleAAPL,,2020,$2.255 T,75.2%,https://companiesmarketcap.com/img/company-logos/256/AAPL.png,logos\AppleAAPL.png
AppleAAPL,,2019,$1.287 T,72.59%,https://companiesmarketcap.com/img/company-logos/256/AAPL.png,logos\AppleAAPL.png
AppleAAPL,,2018,$746.07 B,-13.34%,https://companiesmarketcap.com/img/company-logos/256/AAPL.png,logos\AppleAAPL.png
AppleAAPL,,2017,$860.88 B,41.37%,https://companiesmarketcap.com/img/company-logos/256/AAPL.png,logos\AppleAAPL.png
AppleAAPL,,2016,$608.96 B,4.34%,https://companiesmarketcap.com/img/company-logos/256/AAPL.png,logos\AppleAAPL.png
AppleAAPL,,2015,$583.61 B,-9.25%,https://companiesmarketcap.com/img/company-logos/256/AAPL.png,logos\AppleAAPL.png
AppleAAPL,,2014,$643.12 B,28.43%,https://companiesmarketcap.com/img/company-logos/256/AAPL.png,logos\AppleAAPL.png
AppleAAPL,,2013,$500.74 B,0.21%,https://companiesmarketcap.com/img/company-logos/256/AAPL.png,logos\AppleAAPL.png
AppleAAPL,,2012,$499.69 B,32.36%,https://companiesmarketcap.com/img/company-logos/256/AAPL.png,logos\AppleAAPL.png
AppleAAPL,,2011,$377.51 B,27.07%,https://companiesmarketcap.com/img/company-logos/256/AAPL.png,logos\AppleAAPL.png
AppleAAPL,,2010,$297.09 B,55.56%,https://companiesmarketcap.com/img/company-logos/256/AAPL.png,logos\AppleAAPL.png
AppleAAPL,,2009,$190.98 B,151.3%,https://companiesmarketcap.com/img/company-logos/256/AAPL.png,logos\AppleAAPL.png
AppleAAPL,,2008,$75.99 B,-56.33%,https://companiesmarketcap.com/img/company-logos/256/AAPL.png,logos\AppleAAPL.png
AppleAAPL,,2007,$174.03 B,138.47%,https://companiesmarketcap.com/img/company-logos/256/AAPL.png,logos\AppleAAPL.png
AppleAAPL,,2006,$72.98 B,20.05%,https://companiesmarketcap.com/img/company-logos/256/AAPL.png,logos\AppleAAPL.png
AppleAAPL,,2005,$60.79 B,133.34%,https://companiesmarketcap.com/img/company-logos/256/AAPL.png,logos\AppleAAPL.png
AppleAAPL,,2004,$26.05 B,230.6%,https://companiesmarketcap.com/img/company-logos/256/AAPL.png,logos\AppleAAPL.png
AppleAAPL,,2003,$7.88 B,52.65%,https://companiesmarketcap.com/img/company-logos/256/AAPL.png,logos\AppleAAPL.png
AppleAAPL,,2002,$5.16 B,-33.12%,https://companiesmarketcap.com/img/company-logos/256/AAPL.png,logos\AppleAAPL.png
AppleAAPL,,2001,$7.71 B,50.27%,https://companiesmarketcap.com/img/company-logos/256/AAPL.png,logos\AppleAAPL.png
AppleAAPL,,2000,$5.13 B,-69.01%,https://companiesmarketcap.com/img/company-logos/256/AAPL.png,logos\AppleAAPL.png
AppleAAPL,,1999,$16.57 B,199.15%,https://companiesmarketcap.com/img/company-logos/256/AAPL.png,logos\AppleAAPL.png
AppleAAPL,,1998,$5.54 B,229.71%,https://companiesmarketcap.com/img/company-logos/256/AAPL.png,logos\AppleAAPL.png
AppleAAPL,,1997,$1.68 B,-35.38%,https://companiesmarketcap.com/img/company-logos/256/AAPL.png,logos\AppleAAPL.png
AppleAAPL,,1996,$2.60 B,,https://companiesmarketcap.com/img/company-logos/256/AAPL.png,logos\AppleAAPL.png
Alphabet,(Google)GOOG,2026,$4.291 T,12.86%,https://companiesmarketcap.com/img/company-logos/256/GOOG.png,logos\(Google)GOOG.png
Alphabet,(Google)GOOG,2025,$3.802 T,60.74%,https://companiesmarketcap.com/img/company-logos/256/GOOG.png,logos\(Google)GOOG.png
Alphabet,(Google)GOOG,2024,$2.365 T,34.64%,https://companiesmarketcap.com/img/company-logos/256/GOOG.png,logos\(Google)GOOG.png
Alphabet,(Google)GOOG,2023,$1.756 T,53.43%,https://companiesmarketcap.com/img/company-logos/256/GOOG.png,logos\(Google)GOOG.png
Alphabet,(Google)GOOG,2022,$1.145 T,-40.27%,https://companiesmarketcap.com/img/company-logos/256/GOOG.png,logos\(Google)GOOG.png
Alphabet,(Google)GOOG,2021,$1.917 T,61.74%,https://companiesmarketcap.com/img/company-logos/256/GOOG.png,logos\(Google)GOOG.png
Alphabet,(Google)GOOG,2020,$1.185 T,28.68%,https://companiesmarketcap.com/img/company-logos/256/GOOG.png,logos\(Google)GOOG.png
Alphabet,(Google)GOOG,2019,$921.13 B,27.31%,https://companiesmarketcap.com/img/company-logos/256/GOOG.png,logos\(Google)GOOG.png
Alphabet,(Google)GOOG,2018,$723.55 B,-0.81%,https://companiesmarketcap.com/img/company-logos/256/GOOG.png,logos\(Google)GOOG.png
Alphabet,(Google)GOOG,2017,$729.45 B,35.32%,https://companiesmarketcap.com/img/company-logos/256/GOOG.png,logos\(Google)GOOG.png
Alphabet,(Google)GOOG,2016,$539.06 B,2.06%,https://companiesmarketcap.com/img/company-logos/256/GOOG.png,logos\(Google)GOOG.png
Alphabet,(Google)GOOG,2015,$528.16 B,46.92%,https://companiesmarketcap.com/img/company-logos/256/GOOG.png,logos\(Google)GOOG.png
Alphabet,(Google)GOOG,2014,$359.50 B,,https://companiesmarketcap.com/img/company-logos/256/GOOG.png,logos\(Google)GOOG.png
MicrosoftMSFT,,2026,$3.724 T,2.74%,https://companiesmarketcap.com/img/company-logos/256/MSFT.png,logos\MicrosoftMSFT.png
MicrosoftMSFT,,2025,$3.625 T,13.26%,https://companiesmarketcap.com/img/company-logos/256/MSFT.png,logos\MicrosoftMSFT.png
MicrosoftMSFT,,2024,$3.200 T,14.53%,https://companiesmarketcap.com/img/company-logos/256/MSFT.png,logos\MicrosoftMSFT.png
MicrosoftMSFT,,2023,$2.794 T,56.33%,https://companiesmarketcap.com/img/company-logos/256/MSFT.png,logos\MicrosoftMSFT.png
MicrosoftMSFT,,2022,$1.787 T,-29.13%,https://companiesmarketcap.com/img/company-logos/256/MSFT.png,logos\MicrosoftMSFT.png
MicrosoftMSFT,,2021,$2.522 T,50%,https://companiesmarketcap.com/img/company-logos/256/MSFT.png,logos\MicrosoftMSFT.png
MicrosoftMSFT,,2020,$1.681 T,40.1%,https://companiesmarketcap.com/img/company-logos/256/MSFT.png,logos\MicrosoftMSFT.png
MicrosoftMSFT,,2019,$1.200 T,53.81%,https://companiesmarketcap.com/img/company-logos/256/MSFT.png,logos\MicrosoftMSFT.png
MicrosoftMSFT,,2018,$780.36 B,18.25%,https://companiesmarketcap.com/img/company-logos/256/MSFT.png,logos\MicrosoftMSFT.png
MicrosoftMSFT,,2017,$659.90 B,36.58%,https://companiesmarketcap.com/img/company-logos/256/MSFT.png,logos\MicrosoftMSFT.png
MicrosoftMSFT,,2016,$483.16 B,9.89%,https://companiesmarketcap.com/img/company-logos/256/MSFT.png,logos\MicrosoftMSFT.png
MicrosoftMSFT,,2015,$439.67 B,15.18%,https://companiesmarketcap.com/img/company-logos/256/MSFT.png,logos\MicrosoftMSFT.png
MicrosoftMSFT,,2014,$381.72 B,22.94%,https://companiesmarketcap.com/img/company-logos/256/MSFT.png,logos\MicrosoftMSFT.png
MicrosoftMSFT,,2013,$310.50 B,38.82%,https://companiesmarketcap.com/img/company-logos/256/MSFT.png,logos\MicrosoftMSFT.png
MicrosoftMSFT,,2012,$223.66 B,2.42%,https://companiesmarketcap.com/img/company-logos/256/MSFT.png,logos\MicrosoftMSFT.png
MicrosoftMSFT,,2011,$218.38 B,-6.89%,https://companiesmarketcap.com/img/company-logos/256/MSFT.png,logos\MicrosoftMSFT.png
MicrosoftMSFT,,2010,$234.52 B,-12.67%,https://companiesmarketcap.com/img/company-logos/256/MSFT.png,logos\MicrosoftMSFT.png
MicrosoftMSFT,,2009,$268.55 B,55.3%,https://companiesmarketcap.com/img/company-logos/256/MSFT.png,logos\MicrosoftMSFT.png
MicrosoftMSFT,,2008,$172.92 B,-47.93%,https://companiesmarketcap.com/img/company-logos/256/MSFT.png,logos\MicrosoftMSFT.png
MicrosoftMSFT,,2007,$332.11 B,13.76%,https://companiesmarketcap.com/img/company-logos/256/MSFT.png,logos\MicrosoftMSFT.png
MicrosoftMSFT,,2006,$291.94 B,7.51%,https://companiesmarketcap.com/img/company-logos/256/MSFT.png,logos\MicrosoftMSFT.png
MicrosoftMSFT,,2005,$271.54 B,-6.6%,https://companiesmarketcap.com/img/company-logos/256/MSFT.png,logos\MicrosoftMSFT.png
MicrosoftMSFT,,2004,$290.71 B,-1.55%,https://companiesmarketcap.com/img/company-logos/256/MSFT.png,logos\MicrosoftMSFT.png
MicrosoftMSFT,,2003,$295.29 B,6.75%,https://companiesmarketcap.com/img/company-logos/256/MSFT.png,logos\MicrosoftMSFT.png
MicrosoftMSFT,,2002,$276.63 B,-22.74%,https://companiesmarketcap.com/img/company-logos/256/MSFT.png,logos\MicrosoftMSFT.png
MicrosoftMSFT,,2001,$358.05 B,55.13%,https://companiesmarketcap.com/img/company-logos/256/MSFT.png,logos\MicrosoftMSFT.png
MicrosoftMSFT,,2000,$230.80 B,-61.81%,https://companiesmarketcap.com/img/company-logos/256/MSFT.png,logos\MicrosoftMSFT.png
MicrosoftMSFT,,1999,$604.41 B,73.63%,https://companiesmarketcap.com/img/company-logos/256/MSFT.png,logos\MicrosoftMSFT.png
MicrosoftMSFT,,1998,$348.10 B,121.2%,https://companiesmarketcap.com/img/company-logos/256/MSFT.png,logos\MicrosoftMSFT.png
MicrosoftMSFT,,1997,$157.36 B,58.29%,https://companiesmarketcap.com/img/company-logos/256/MSFT.png,logos\MicrosoftMSFT.png
MicrosoftMSFT,,1996,$99.41 B,,https://companiesmarketcap.com/img/company-logos/256/MSFT.png,logos\MicrosoftMSFT.png
AmazonAMZN,,2026,$2.787 T,12.15%,https://companiesmarketcap.com/img/company-logos/256/AMZN.png,logos\AmazonAMZN.png
AmazonAMZN,,2025,$2.485 T,5.65%,https://companiesmarketcap.com/img/company-logos/256/AMZN.png,logos\AmazonAMZN.png
AmazonAMZN,,2024,$2.352 T,49.84%,https://companiesmarketcap.com/img/company-logos/256/AMZN.png,logos\AmazonAMZN.png
AmazonAMZN,,2023,$1.570 T,83.23%,https://companiesmarketcap.com/img/company-logos/256/AMZN.png,logos\AmazonAMZN.png
AmazonAMZN,,2022,$856.94 B,-49.32%,https://companiesmarketcap.com/img/company-logos/256/AMZN.png,logos\AmazonAMZN.png
AmazonAMZN,,2021,$1.691 T,3.48%,https://companiesmarketcap.com/img/company-logos/256/AMZN.png,logos\AmazonAMZN.png
AmazonAMZN,,2020,$1.634 T,77.58%,https://companiesmarketcap.com/img/company-logos/256/AMZN.png,logos\AmazonAMZN.png
AmazonAMZN,,2019,$920.22 B,24.78%,https://companiesmarketcap.com/img/company-logos/256/AMZN.png,logos\AmazonAMZN.png
AmazonAMZN,,2018,$737.46 B,30.86%,https://companiesmarketcap.com/img/company-logos/256/AMZN.png,logos\AmazonAMZN.png
AmazonAMZN,,2017,$563.53 B,58.16%,https://companiesmarketcap.com/img/company-logos/256/AMZN.png,logos\AmazonAMZN.png
AmazonAMZN,,2016,$356.31 B,11.93%,https://companiesmarketcap.com/img/company-logos/256/AMZN.png,logos\AmazonAMZN.png
AmazonAMZN,,2015,$318.34 B,120.59%,https://companiesmarketcap.com/img/company-logos/256/AMZN.png,logos\AmazonAMZN.png
AmazonAMZN,,2014,$144.31 B,-21.16%,https://companiesmarketcap.com/img/company-logos/256/AMZN.png,logos\AmazonAMZN.png
AmazonAMZN,,2013,$183.04 B,60.71%,https://companiesmarketcap.com/img/company-logos/256/AMZN.png,logos\AmazonAMZN.png
AmazonAMZN,,2012,$113.89 B,44.69%,https://companiesmarketcap.com/img/company-logos/256/AMZN.png,logos\AmazonAMZN.png
AmazonAMZN,,2011,$78.71 B,-3.03%,https://companiesmarketcap.com/img/company-logos/256/AMZN.png,logos\AmazonAMZN.png
AmazonAMZN,,2010,$81.18 B,35.92%,https://companiesmarketcap.com/img/company-logos/256/AMZN.png,logos\AmazonAMZN.png
AmazonAMZN,,2009,$59.72 B,171.6%,https://companiesmarketcap.com/img/company-logos/256/AMZN.png,logos\AmazonAMZN.png
AmazonAMZN,,2008,$21.99 B,-42.94%,https://companiesmarketcap.com/img/company-logos/256/AMZN.png,logos\AmazonAMZN.png
AmazonAMZN,,2007,$38.53 B,135.9%,https://companiesmarketcap.com/img/company-logos/256/AMZN.png,logos\AmazonAMZN.png
AmazonAMZN,,2006,$16.33 B,-16.71%,https://companiesmarketcap.com/img/company-logos/256/AMZN.png,logos\AmazonAMZN.png
AmazonAMZN,,2005,$19.61 B,8.09%,https://companiesmarketcap.com/img/company-logos/256/AMZN.png,logos\AmazonAMZN.png
AmazonAMZN,,2004,$18.14 B,-14.5%,https://companiesmarketcap.com/img/company-logos/256/AMZN.png,logos\AmazonAMZN.png
AmazonAMZN,,2003,$21.22 B,189.65%,https://companiesmarketcap.com/img/company-logos/256/AMZN.png,logos\AmazonAMZN.png
AmazonAMZN,,2002,$7.32 B,81.45%,https://companiesmarketcap.com/img/company-logos/256/AMZN.png,logos\AmazonAMZN.png
AmazonAMZN,,2001,$4.03 B,-27.34%,https://companiesmarketcap.com/img/company-logos/256/AMZN.png,logos\AmazonAMZN.png
AmazonAMZN,,2000,$5.55 B,-78.85%,https://companiesmarketcap.com/img/company-logos/256/AMZN.png,logos\AmazonAMZN.png
AmazonAMZN,,1999,$26.27 B,54.06%,https://companiesmarketcap.com/img/company-logos/256/AMZN.png,logos\AmazonAMZN.png
AmazonAMZN,,1998,$17.05 B,1081.34%,https://companiesmarketcap.com/img/company-logos/256/AMZN.png,logos\AmazonAMZN.png
AmazonAMZN,,1997,$1.44 B,,https://companiesmarketcap.com/img/company-logos/256/AMZN.png,logos\AmazonAMZN.png
TSMCTSM,,2026,$2.308 T,46.99%,https://companiesmarketcap.com/img/company-logos/256/TSM.png,logos\TSMCTSM.png
TSMCTSM,,2025,$1.570 T,50.19%,https://companiesmarketcap.com/img/company-logos/256/TSM.png,logos\TSMCTSM.png
TSMCTSM,,2024,$1.045 T,93.88%,https://companiesmarketcap.com/img/company-logos/256/TSM.png,logos\TSMCTSM.png
TSMCTSM,,2023,$539.38 B,39.62%,https://companiesmarketcap.com/img/company-logos/256/TSM.png,logos\TSMCTSM.png
TSMCTSM,,2022,$386.31 B,-32.92%,https://companiesmarketcap.com/img/company-logos/256/TSM.png,logos\TSMCTSM.png
TSMCTSM,,2021,$575.93 B,17.99%,https://companiesmarketcap.com/img/company-logos/256/TSM.png,logos\TSMCTSM.png
TSMCTSM,,2020,$488.12 B,70.33%,https://companiesmarketcap.com/img/company-logos/256/TSM.png,logos\TSMCTSM.png
TSMCTSM,,2019,$286.57 B,49.89%,https://companiesmarketcap.com/img/company-logos/256/TSM.png,logos\TSMCTSM.png
TSMCTSM,,2018,$191.19 B,-4.12%,https://companiesmarketcap.com/img/company-logos/256/TSM.png,logos\TSMCTSM.png
TSMCTSM,,2017,$199.41 B,36.86%,https://companiesmarketcap.com/img/company-logos/256/TSM.png,logos\TSMCTSM.png
TSMCTSM,,2016,$145.70 B,32.89%,https://companiesmarketcap.com/img/company-logos/256/TSM.png,logos\TSMCTSM.png
TSMCTSM,,2015,$109.64 B,-4.91%,https://companiesmarketcap.com/img/company-logos/256/TSM.png,logos\TSMCTSM.png
TSMCTSM,,2014,$115.31 B,26.17%,https://companiesmarketcap.com/img/company-logos/256/TSM.png,logos\TSMCTSM.png
TSMCTSM,,2013,$91.39 B,5.25%,https://companiesmarketcap.com/img/company-logos/256/TSM.png,logos\TSMCTSM.png
TSMCTSM,,2012,$86.83 B,32.95%,https://companiesmarketcap.com/img/company-logos/256/TSM.png,logos\TSMCTSM.png
TSMCTSM,,2011,$65.31 B,2.76%,https://companiesmarketcap.com/img/company-logos/256/TSM.png,logos\TSMCTSM.png
TSMCTSM,,2010,$63.55 B,21.72%,https://companiesmarketcap.com/img/company-logos/256/TSM.png,logos\TSMCTSM.png
TSMCTSM,,2009,$52.21 B,28.96%,https://companiesmarketcap.com/img/company-logos/256/TSM.png,logos\TSMCTSM.png
TSMCTSM,,2008,$40.48 B,-20.69%,https://companiesmarketcap.com/img/company-logos/256/TSM.png,logos\TSMCTSM.png
TSMCTSM,,2007,$51.04 B,-9.59%,https://companiesmarketcap.com/img/company-logos/256/TSM.png,logos\TSMCTSM.png
TSMCTSM,,2006,$56.46 B,15.2%,https://companiesmarketcap.com/img/company-logos/256/TSM.png,logos\TSMCTSM.png
TSMCTSM,,2005,$49.01 B,24.14%,https://companiesmarketcap.com/img/company-logos/256/TSM.png,logos\TSMCTSM.png
TSMCTSM,,2004,$39.48 B,-4.88%,https://companiesmarketcap.com/img/company-logos/256/TSM.png,logos\TSMCTSM.png
TSMCTSM,,2003,$41.51 B,58.06%,https://companiesmarketcap.com/img/company-logos/256/TSM.png,logos\TSMCTSM.png
TSMCTSM,,2002,$26.26 B,-54.57%,https://companiesmarketcap.com/img/company-logos/256/TSM.png,logos\TSMCTSM.png
TSMCTSM,,2001,$57.80 B,43.35%,https://companiesmarketcap.com/img/company-logos/256/TSM.png,logos\TSMCTSM.png
TSMCTSM,,2000,$40.32 B,-41.59%,https://companiesmarketcap.com/img/company-logos/256/TSM.png,logos\TSMCTSM.png
TSMCTSM,,1999,$69.03 B,302.01%,https://companiesmarketcap.com/img/company-logos/256/TSM.png,logos\TSMCTSM.png
TSMCTSM,,1998,$17.17 B,15.66%,https://companiesmarketcap.com/img/company-logos/256/TSM.png,logos\TSMCTSM.png
TSMCTSM,,1997,$14.84 B,,https://companiesmarketcap.com/img/company-logos/256/TSM.png,logos\TSMCTSM.png
SpaceXSPCX,,2026,$2.001 T,,https://companiesmarketcap.com/img/company-logos/256/SPCX.png,logos\SpaceXSPCX.png
Meta Platforms,(Facebook)META,2026,$1.888 T,12.95%,https://companiesmarketcap.com/img/company-logos/256/META.png,logos\(Facebook)META.png
Meta Platforms,(Facebook)META,2025,$1.671 T,10.41%,https://companiesmarketcap.com/img/company-logos/256/META.png,logos\(Facebook)META.png
Meta Platforms,(Facebook)META,2024,$1.514 T,66.47%,https://companiesmarketcap.com/img/company-logos/256/META.png,logos\(Facebook)META.png
Meta Platforms,(Facebook)META,2023,$909.62 B,184.36%,https://companiesmarketcap.com/img/company-logos/256/META.png,logos\(Facebook)META.png
Meta Platforms,(Facebook)META,2022,$319.88 B,-65.3%,https://companiesmarketcap.com/img/company-logos/256/META.png,logos\(Facebook)META.png
Meta Platforms,(Facebook)META,2021,$921.93 B,18.47%,https://companiesmarketcap.com/img/company-logos/256/META.png,logos\(Facebook)META.png
Meta Platforms,(Facebook)META,2020,$778.23 B,32.95%,https://companiesmarketcap.com/img/company-logos/256/META.png,logos\(Facebook)META.png
Meta Platforms,(Facebook)META,2019,$585.37 B,56.46%,https://companiesmarketcap.com/img/company-logos/256/META.png,logos\(Facebook)META.png
Meta Platforms,(Facebook)META,2018,$374.13 B,-27.04%,https://companiesmarketcap.com/img/company-logos/256/META.png,logos\(Facebook)META.png
Meta Platforms,(Facebook)META,2017,$512.75 B,54.63%,https://companiesmarketcap.com/img/company-logos/256/META.png,logos\(Facebook)META.png
Meta Platforms,(Facebook)META,2016,$331.59 B,11.8%,https://companiesmarketcap.com/img/company-logos/256/META.png,logos\(Facebook)META.png
Meta Platforms,(Facebook)META,2015,$296.60 B,36.85%,https://companiesmarketcap.com/img/company-logos/256/META.png,logos\(Facebook)META.png
Meta Platforms,(Facebook)META,2014,$216.73 B,55.71%,https://companiesmarketcap.com/img/company-logos/256/META.png,logos\(Facebook)META.png
Meta Platforms,(Facebook)META,2013,$139.19 B,120.44%,https://companiesmarketcap.com/img/company-logos/256/META.png,logos\(Facebook)META.png
Meta Platforms,(Facebook)META,2012,$63.14 B,,https://companiesmarketcap.com/img/company-logos/256/META.png,logos\(Facebook)META.png
BroadcomAVGO,,2026,$1.731 T,3.69%,https://companiesmarketcap.com/img/company-logos/256/AVGO.png,logos\BroadcomAVGO.png
BroadcomAVGO,,2025,$1.669 T,47.33%,https://companiesmarketcap.com/img/company-logos/256/AVGO.png,logos\BroadcomAVGO.png
BroadcomAVGO,,2024,$1.133 T,145.8%,https://companiesmarketcap.com/img/company-logos/256/AVGO.png,logos\BroadcomAVGO.png
BroadcomAVGO,,2023,$461.01 B,97.31%,https://companiesmarketcap.com/img/company-logos/256/AVGO.png,logos\BroadcomAVGO.png
BroadcomAVGO,,2022,$233.65 B,-14.95%,https://companiesmarketcap.com/img/company-logos/256/AVGO.png,logos\BroadcomAVGO.png
BroadcomAVGO,,2021,$274.73 B,54.27%,https://companiesmarketcap.com/img/company-logos/256/AVGO.png,logos\BroadcomAVGO.png
BroadcomAVGO,,2020,$178.07 B,41.66%,https://companiesmarketcap.com/img/company-logos/256/AVGO.png,logos\BroadcomAVGO.png
BroadcomAVGO,,2019,$125.71 B,21.39%,https://companiesmarketcap.com/img/company-logos/256/AVGO.png,logos\BroadcomAVGO.png
BroadcomAVGO,,2018,$103.56 B,-1.53%,https://companiesmarketcap.com/img/company-logos/256/AVGO.png,logos\BroadcomAVGO.png
BroadcomAVGO,,2017,$105.16 B,49.11%,https://companiesmarketcap.com/img/company-logos/256/AVGO.png,logos\BroadcomAVGO.png
BroadcomAVGO,,2016,$70.52 B,75.74%,https://companiesmarketcap.com/img/company-logos/256/AVGO.png,logos\BroadcomAVGO.png
BroadcomAVGO,,2015,$40.13 B,56.26%,https://companiesmarketcap.com/img/company-logos/256/AVGO.png,logos\BroadcomAVGO.png
BroadcomAVGO,,2014,$25.68 B,95.13%,https://companiesmarketcap.com/img/company-logos/256/AVGO.png,logos\BroadcomAVGO.png
BroadcomAVGO,,2013,$13.16 B,69.22%,https://companiesmarketcap.com/img/company-logos/256/AVGO.png,logos\BroadcomAVGO.png
BroadcomAVGO,,2012,$7.77 B,10.27%,https://companiesmarketcap.com/img/company-logos/256/AVGO.png,logos\BroadcomAVGO.png
BroadcomAVGO,,2011,$7.05 B,2.76%,https://companiesmarketcap.com/img/company-logos/256/AVGO.png,logos\BroadcomAVGO.png
BroadcomAVGO,,2010,$6.86 B,59.43%,https://companiesmarketcap.com/img/company-logos/256/AVGO.png,logos\BroadcomAVGO.png
BroadcomAVGO,,2009,$4.30 B,,https://companiesmarketcap.com/img/company-logos/256/AVGO.png,logos\BroadcomAVGO.png
Saudi,Aramco2222.SR,2026,$1.653 T,8.27%,https://companiesmarketcap.com/img/company-logos/256/2222.SR.png,logos\Aramco2222.SR.png
Saudi,Aramco2222.SR,2025,$1.527 T,-15.37%,https://companiesmarketcap.com/img/company-logos/256/2222.SR.png,logos\Aramco2222.SR.png
Saudi,Aramco2222.SR,2024,$1.805 T,-15.4%,https://companiesmarketcap.com/img/company-logos/256/2222.SR.png,logos\Aramco2222.SR.png
Saudi,Aramco2222.SR,2023,$2.133 T,13.43%,https://companiesmarketcap.com/img/company-logos/256/2222.SR.png,logos\Aramco2222.SR.png
Saudi,Aramco2222.SR,2022,$1.881 T,-1.43%,https://companiesmarketcap.com/img/company-logos/256/2222.SR.png,logos\Aramco2222.SR.png
Saudi,Aramco2222.SR,2021,$1.908 T,-7.07%,https://companiesmarketcap.com/img/company-logos/256/2222.SR.png,logos\Aramco2222.SR.png
Saudi,Aramco2222.SR,2020,$2.053 T,9.17%,https://companiesmarketcap.com/img/company-logos/256/2222.SR.png,logos\Aramco2222.SR.png
Saudi,Aramco2222.SR,2019,$1.880 T,,https://companiesmarketcap.com/img/company-logos/256/2222.SR.png,logos\Aramco2222.SR.png
TeslaTSLA,,2026,$1.482 T,-6.21%,https://companiesmarketcap.com/img/company-logos/256/TSLA.png,logos\TeslaTSLA.png
TeslaTSLA,,2025,$1.580 T,14.05%,https://companiesmarketcap.com/img/company-logos/256/TSLA.png,logos\TeslaTSLA.png
TeslaTSLA,,2024,$1.385 T,75.42%,https://companiesmarketcap.com/img/company-logos/256/TSLA.png,logos\TeslaTSLA.png
TeslaTSLA,,2023,$789.89 B,103.07%,https://companiesmarketcap.com/img/company-logos/256/TSLA.png,logos\TeslaTSLA.png
TeslaTSLA,,2022,$388.97 B,-63.35%,https://companiesmarketcap.com/img/company-logos/256/TSLA.png,logos\TeslaTSLA.png
TeslaTSLA,,2021,$1.061 T,58.66%,https://companiesmarketcap.com/img/company-logos/256/TSLA.png,logos\TeslaTSLA.png
TeslaTSLA,,2020,$668.90 B,783.42%,https://companiesmarketcap.com/img/company-logos/256/TSLA.png,logos\TeslaTSLA.png
TeslaTSLA,,2019,$75.71 B,31.82%,https://companiesmarketcap.com/img/company-logos/256/TSLA.png,logos\TeslaTSLA.png
TeslaTSLA,,2018,$57.44 B,9.77%,https://companiesmarketcap.com/img/company-logos/256/TSLA.png,logos\TeslaTSLA.png
TeslaTSLA,,2017,$52.32 B,52.01%,https://companiesmarketcap.com/img/company-logos/256/TSLA.png,logos\TeslaTSLA.png
TeslaTSLA,,2016,$34.42 B,9.13%,https://companiesmarketcap.com/img/company-logos/256/TSLA.png,logos\TeslaTSLA.png
TeslaTSLA,,2015,$31.54 B,12.84%,https://companiesmarketcap.com/img/company-logos/256/TSLA.png,logos\TeslaTSLA.png
TeslaTSLA,,2014,$27.95 B,50.97%,https://companiesmarketcap.com/img/company-logos/256/TSLA.png,logos\TeslaTSLA.png
TeslaTSLA,,2013,$18.51 B,378.65%,https://companiesmarketcap.com/img/company-logos/256/TSLA.png,logos\TeslaTSLA.png
TeslaTSLA,,2012,$3.86 B,29.87%,https://companiesmarketcap.com/img/company-logos/256/TSLA.png,logos\TeslaTSLA.png
TeslaTSLA,,2011,$2.97 B,17.86%,https://companiesmarketcap.com/img/company-logos/256/TSLA.png,logos\TeslaTSLA.png
TeslaTSLA,,2010,$2.52 B,,https://companiesmarketcap.com/img/company-logos/256/TSLA.png,logos\TeslaTSLA.png
Samsung005930.KS,,2026,$1.308 T,141.38%,https://companiesmarketcap.com/img/company-logos/256/005930.KS.png,logos\Samsung005930.KS.png
Samsung005930.KS,,2025,$542.11 B,123.11%,https://companiesmarketcap.com/img/company-logos/256/005930.KS.png,logos\Samsung005930.KS.png
Samsung005930.KS,,2024,$242.97 B,-39.49%,https://companiesmarketcap.com/img/company-logos/256/005930.KS.png,logos\Samsung005930.KS.png
Samsung005930.KS,,2023,$401.54 B,37.04%,https://companiesmarketcap.com/img/company-logos/256/005930.KS.png,logos\Samsung005930.KS.png
Samsung005930.KS,,2022,$293.00 B,-33.72%,https://companiesmarketcap.com/img/company-logos/256/005930.KS.png,logos\Samsung005930.KS.png
Samsung005930.KS,,2021,$442.07 B,-11.73%,https://companiesmarketcap.com/img/company-logos/256/005930.KS.png,logos\Samsung005930.KS.png
Samsung005930.KS,,2020,$500.83 B,56.64%,https://companiesmarketcap.com/img/company-logos/256/005930.KS.png,logos\Samsung005930.KS.png
Samsung005930.KS,,2019,$319.73 B,38.79%,https://companiesmarketcap.com/img/company-logos/256/005930.KS.png,logos\Samsung005930.KS.png
Samsung005930.KS,,2018,$230.36 B,-27.84%,https://companiesmarketcap.com/img/company-logos/256/005930.KS.png,logos\Samsung005930.KS.png
Samsung005930.KS,,2017,$319.26 B,56.51%,https://companiesmarketcap.com/img/company-logos/256/005930.KS.png,logos\Samsung005930.KS.png
Samsung005930.KS,,2016,$203.99 B,32.65%,https://companiesmarketcap.com/img/company-logos/256/005930.KS.png,logos\Samsung005930.KS.png
Samsung005930.KS,,2015,$153.77 B,-12.85%,https://companiesmarketcap.com/img/company-logos/256/005930.KS.png,logos\Samsung005930.KS.png
Samsung005930.KS,,2014,$176.45 B,-6.85%,https://companiesmarketcap.com/img/company-logos/256/005930.KS.png,logos\Samsung005930.KS.png
Samsung005930.KS,,2013,$189.44 B,-8.98%,https://companiesmarketcap.com/img/company-logos/256/005930.KS.png,logos\Samsung005930.KS.png
Samsung005930.KS,,2012,$208.13 B,59.29%,https://companiesmarketcap.com/img/company-logos/256/005930.KS.png,logos\Samsung005930.KS.png
Samsung005930.KS,,2011,$130.66 B,19.52%,https://companiesmarketcap.com/img/company-logos/256/005930.KS.png,logos\Samsung005930.KS.png
Samsung005930.KS,,2010,$109.32 B,21.3%,https://companiesmarketcap.com/img/company-logos/256/005930.KS.png,logos\Samsung005930.KS.png
Samsung005930.KS,,2009,$90.12 B,95.41%,https://companiesmarketcap.com/img/company-logos/256/005930.KS.png,logos\Samsung005930.KS.png
Samsung005930.KS,,2008,$46.12 B,-41.33%,https://companiesmarketcap.com/img/company-logos/256/005930.KS.png,logos\Samsung005930.KS.png
Samsung005930.KS,,2007,$78.61 B,,https://companiesmarketcap.com/img/company-logos/256/005930.KS.png,logos\Samsung005930.KS.png
Micron,TechnologyMU,2026,$1.179 T,267.84%,https://companiesmarketcap.com/img/company-logos/256/MU.png,logos\TechnologyMU.png
Micron,TechnologyMU,2025,$320.53 B,224.59%,https://companiesmarketcap.com/img/company-logos/256/MU.png,logos\TechnologyMU.png
Micron,TechnologyMU,2024,$98.74 B,4.82%,https://companiesmarketcap.com/img/company-logos/256/MU.png,logos\TechnologyMU.png
Micron,TechnologyMU,2023,$94.20 B,72.74%,https://companiesmarketcap.com/img/company-logos/256/MU.png,logos\TechnologyMU.png
Micron,TechnologyMU,2022,$54.53 B,-47.73%,https://companiesmarketcap.com/img/company-logos/256/MU.png,logos\TechnologyMU.png
Micron,TechnologyMU,2021,$104.32 B,24.25%,https://companiesmarketcap.com/img/company-logos/256/MU.png,logos\TechnologyMU.png
Micron,TechnologyMU,2020,$83.96 B,40.55%,https://companiesmarketcap.com/img/company-logos/256/MU.png,logos\TechnologyMU.png
Micron,TechnologyMU,2019,$59.74 B,67.95%,https://companiesmarketcap.com/img/company-logos/256/MU.png,logos\TechnologyMU.png
Micron,TechnologyMU,2018,$35.57 B,-25.19%,https://companiesmarketcap.com/img/company-logos/256/MU.png,logos\TechnologyMU.png
Micron,TechnologyMU,2017,$47.54 B,97.32%,https://companiesmarketcap.com/img/company-logos/256/MU.png,logos\TechnologyMU.png
Micron,TechnologyMU,2016,$24.09 B,64.42%,https://companiesmarketcap.com/img/company-logos/256/MU.png,logos\TechnologyMU.png
Micron,TechnologyMU,2015,$14.65 B,-61.06%,https://companiesmarketcap.com/img/company-logos/256/MU.png,logos\TechnologyMU.png
Micron,TechnologyMU,2014,$37.63 B,63.55%,https://companiesmarketcap.com/img/company-logos/256/MU.png,logos\TechnologyMU.png
Micron,TechnologyMU,2013,$23.01 B,255.22%,https://companiesmarketcap.com/img/company-logos/256/MU.png,logos\TechnologyMU.png
Micron,TechnologyMU,2012,$6.47 B,4.27%,https://companiesmarketcap.com/img/company-logos/256/MU.png,logos\TechnologyMU.png
Micron,TechnologyMU,2011,$6.21 B,-22.29%,https://companiesmarketcap.com/img/company-logos/256/MU.png,logos\TechnologyMU.png
Micron,TechnologyMU,2010,$7.99 B,-9.37%,https://companiesmarketcap.com/img/company-logos/256/MU.png,logos\TechnologyMU.png
Micron,TechnologyMU,2009,$8.82 B,337.45%,https://companiesmarketcap.com/img/company-logos/256/MU.png,logos\TechnologyMU.png
Micron,TechnologyMU,2008,$2.01 B,-63.42%,https://companiesmarketcap.com/img/company-logos/256/MU.png,logos\TechnologyMU.png
Micron,TechnologyMU,2007,$5.51 B,-48.26%,https://companiesmarketcap.com/img/company-logos/256/MU.png,logos\TechnologyMU.png
Micron,TechnologyMU,2006,$10.65 B,29.43%,https://companiesmarketcap.com/img/company-logos/256/MU.png,logos\TechnologyMU.png
Micron,TechnologyMU,2005,$8.23 B,8.78%,https://companiesmarketcap.com/img/company-logos/256/MU.png,logos\TechnologyMU.png
Micron,TechnologyMU,2004,$7.56 B,-7.77%,https://companiesmarketcap.com/img/company-logos/256/MU.png,logos\TechnologyMU.png
Micron,TechnologyMU,2003,$8.20 B,38.89%,https://companiesmarketcap.com/img/company-logos/256/MU.png,logos\TechnologyMU.png
Micron,TechnologyMU,2002,$5.90 B,-68.23%,https://companiesmarketcap.com/img/company-logos/256/MU.png,logos\TechnologyMU.png
Micron,TechnologyMU,2001,$18.59 B,-11.66%,https://companiesmarketcap.com/img/company-logos/256/MU.png,logos\TechnologyMU.png
Micron,TechnologyMU,2000,$21.05 B,6.24%,https://companiesmarketcap.com/img/company-logos/256/MU.png,logos\TechnologyMU.png
Micron,TechnologyMU,1999,$19.81 B,58.46%,https://companiesmarketcap.com/img/company-logos/256/MU.png,logos\TechnologyMU.png
Micron,TechnologyMU,1998,$12.50 B,127.83%,https://companiesmarketcap.com/img/company-logos/256/MU.png,logos\TechnologyMU.png
Micron,TechnologyMU,1997,$5.48 B,-10.35%,https://companiesmarketcap.com/img/company-logos/256/MU.png,logos\TechnologyMU.png
Micron,TechnologyMU,1996,$6.12 B,,https://companiesmarketcap.com/img/company-logos/256/MU.png,logos\TechnologyMU.png
Berkshire,HathawayBRK-B,2026,$1.074 T,-0.03%,https://companiesmarketcap.com/img/company-logos/256/BRK-B.png,logos\HathawayBRK-B.png
Berkshire,HathawayBRK-B,2025,$1.074 T,9.26%,https://companiesmarketcap.com/img/company-logos/256/BRK-B.png,logos\HathawayBRK-B.png
Berkshire,HathawayBRK-B,2024,$983.86 B,26.55%,https://companiesmarketcap.com/img/company-logos/256/BRK-B.png,logos\HathawayBRK-B.png
Berkshire,HathawayBRK-B,2023,$777.45 B,14.03%,https://companiesmarketcap.com/img/company-logos/256/BRK-B.png,logos\HathawayBRK-B.png
Berkshire,HathawayBRK-B,2022,$681.77 B,1.89%,https://companiesmarketcap.com/img/company-logos/256/BRK-B.png,logos\HathawayBRK-B.png
Berkshire,HathawayBRK-B,2021,$669.12 B,23.07%,https://companiesmarketcap.com/img/company-logos/256/BRK-B.png,logos\HathawayBRK-B.png
Berkshire,HathawayBRK-B,2020,$543.67 B,-1.5%,https://companiesmarketcap.com/img/company-logos/256/BRK-B.png,logos\HathawayBRK-B.png
Berkshire,HathawayBRK-B,2019,$551.96 B,9.87%,https://companiesmarketcap.com/img/company-logos/256/BRK-B.png,logos\HathawayBRK-B.png
Berkshire,HathawayBRK-B,2018,$502.37 B,2.68%,https://companiesmarketcap.com/img/company-logos/256/BRK-B.png,logos\HathawayBRK-B.png
Berkshire,HathawayBRK-B,2017,$489.24 B,21.81%,https://companiesmarketcap.com/img/company-logos/256/BRK-B.png,logos\HathawayBRK-B.png
Berkshire,HathawayBRK-B,2016,$401.64 B,23.48%,https://companiesmarketcap.com/img/company-logos/256/BRK-B.png,logos\HathawayBRK-B.png
Berkshire,HathawayBRK-B,2015,$325.28 B,-12.24%,https://companiesmarketcap.com/img/company-logos/256/BRK-B.png,logos\HathawayBRK-B.png
Berkshire,HathawayBRK-B,2014,$370.66 B,26.76%,https://companiesmarketcap.com/img/company-logos/256/BRK-B.png,logos\HathawayBRK-B.png
Berkshire,HathawayBRK-B,2013,$292.41 B,32.54%,https://companiesmarketcap.com/img/company-logos/256/BRK-B.png,logos\HathawayBRK-B.png
Berkshire,HathawayBRK-B,2012,$220.61 B,16.6%,https://companiesmarketcap.com/img/company-logos/256/BRK-B.png,logos\HathawayBRK-B.png
Berkshire,HathawayBRK-B,2011,$189.21 B,-4.59%,https://companiesmarketcap.com/img/company-logos/256/BRK-B.png,logos\HathawayBRK-B.png
Berkshire,HathawayBRK-B,2010,$198.31 B,29.09%,https://companiesmarketcap.com/img/company-logos/256/BRK-B.png,logos\HathawayBRK-B.png
Berkshire,HathawayBRK-B,2009,$153.62 B,2.71%,https://companiesmarketcap.com/img/company-logos/256/BRK-B.png,logos\HathawayBRK-B.png
Berkshire,HathawayBRK-B,2008,$149.56 B,-31.82%,https://companiesmarketcap.com/img/company-logos/256/BRK-B.png,logos\HathawayBRK-B.png
Berkshire,HathawayBRK-B,2007,$219.37 B,29.31%,https://companiesmarketcap.com/img/company-logos/256/BRK-B.png,logos\HathawayBRK-B.png
Berkshire,HathawayBRK-B,2006,$169.64 B,24.39%,https://companiesmarketcap.com/img/company-logos/256/BRK-B.png,logos\HathawayBRK-B.png
Berkshire,HathawayBRK-B,2005,$136.38 B,0.8%,https://companiesmarketcap.com/img/company-logos/256/BRK-B.png,logos\HathawayBRK-B.png
Berkshire,HathawayBRK-B,2004,$135.30 B,4.47%,https://companiesmarketcap.com/img/company-logos/256/BRK-B.png,logos\HathawayBRK-B.png
Berkshire,HathawayBRK-B,2003,$129.51 B,16.02%,https://companiesmarketcap.com/img/company-logos/256/BRK-B.png,logos\HathawayBRK-B.png
Berkshire,HathawayBRK-B,2002,$111.63 B,-3.4%,https://companiesmarketcap.com/img/company-logos/256/BRK-B.png,logos\HathawayBRK-B.png
Berkshire,HathawayBRK-B,2001,$115.56 B,6.75%,https://companiesmarketcap.com/img/company-logos/256/BRK-B.png,logos\HathawayBRK-B.png
Berkshire,HathawayBRK-B,2000,$108.25 B,27.23%,https://companiesmarketcap.com/img/company-logos/256/BRK-B.png,logos\HathawayBRK-B.png
Berkshire,HathawayBRK-B,1999,$85.08 B,-6.43%,https://companiesmarketcap.com/img/company-logos/256/BRK-B.png,logos\HathawayBRK-B.png
Berkshire,HathawayBRK-B,1998,$90.93 B,60.16%,https://companiesmarketcap.com/img/company-logos/256/BRK-B.png,logos\HathawayBRK-B.png
Berkshire,HathawayBRK-B,1997,$56.77 B,35.18%,https://companiesmarketcap.com/img/company-logos/256/BRK-B.png,logos\HathawayBRK-B.png
Berkshire,HathawayBRK-B,1996,$42.00 B,,https://companiesmarketcap.com/img/company-logos/256/BRK-B.png,logos\HathawayBRK-B.png
Eli,LillyLLY,2026,$1.038 T,7.52%,https://companiesmarketcap.com/img/company-logos/256/LLY.png,logos\LillyLLY.png
Eli,LillyLLY,2025,$966.15 B,37.18%,https://companiesmarketcap.com/img/company-logos/256/LLY.png,logos\LillyLLY.png
Eli,LillyLLY,2024,$704.31 B,27.28%,https://companiesmarketcap.com/img/company-logos/256/LLY.png,logos\LillyLLY.png
Eli,LillyLLY,2023,$553.36 B,59.19%,https://companiesmarketcap.com/img/company-logos/256/LLY.png,logos\LillyLLY.png
Eli,LillyLLY,2022,$347.61 B,31.56%,https://companiesmarketcap.com/img/company-logos/256/LLY.png,logos\LillyLLY.png
Eli,LillyLLY,2021,$264.22 B,63.6%,https://companiesmarketcap.com/img/company-logos/256/LLY.png,logos\LillyLLY.png
Eli,LillyLLY,2020,$161.50 B,28.34%,https://companiesmarketcap.com/img/company-logos/256/LLY.png,logos\LillyLLY.png
Eli,LillyLLY,2019,$125.84 B,2.83%,https://companiesmarketcap.com/img/company-logos/256/LLY.png,logos\LillyLLY.png
Eli,LillyLLY,2018,$122.38 B,31.6%,https://companiesmarketcap.com/img/company-logos/256/LLY.png,logos\LillyLLY.png
Eli,LillyLLY,2017,$92.99 B,14.54%,https://companiesmarketcap.com/img/company-logos/256/LLY.png,logos\LillyLLY.png
Eli,LillyLLY,2016,$81.19 B,-12.81%,https://companiesmarketcap.com/img/company-logos/256/LLY.png,logos\LillyLLY.png
Eli,LillyLLY,2015,$93.12 B,21.54%,https://companiesmarketcap.com/img/company-logos/256/LLY.png,logos\LillyLLY.png
Eli,LillyLLY,2014,$76.62 B,34.53%,https://companiesmarketcap.com/img/company-logos/256/LLY.png,logos\LillyLLY.png
Eli,LillyLLY,2013,$56.95 B,0.73%,https://companiesmarketcap.com/img/company-logos/256/LLY.png,logos\LillyLLY.png
Eli,LillyLLY,2012,$56.54 B,17.52%,https://companiesmarketcap.com/img/company-logos/256/LLY.png,logos\LillyLLY.png
Eli,LillyLLY,2011,$48.11 B,19.17%,https://companiesmarketcap.com/img/company-logos/256/LLY.png,logos\LillyLLY.png
Eli,LillyLLY,2010,$40.37 B,-1.6%,https://companiesmarketcap.com/img/company-logos/256/LLY.png,logos\LillyLLY.png
Eli,LillyLLY,2009,$41.03 B,-10.38%,https://companiesmarketcap.com/img/company-logos/256/LLY.png,logos\LillyLLY.png
Eli,LillyLLY,2008,$45.78 B,-24.4%,https://companiesmarketcap.com/img/company-logos/256/LLY.png,logos\LillyLLY.png
Eli,LillyLLY,2007,$60.56 B,2.72%,https://companiesmarketcap.com/img/company-logos/256/LLY.png,logos\LillyLLY.png
Eli,LillyLLY,2006,$58.95 B,-7.81%,https://companiesmarketcap.com/img/company-logos/256/LLY.png,logos\LillyLLY.png
Eli,LillyLLY,2005,$63.95 B,-0.44%,https://companiesmarketcap.com/img/company-logos/256/LLY.png,logos\LillyLLY.png
Eli,LillyLLY,2004,$64.23 B,-18.72%,https://companiesmarketcap.com/img/company-logos/256/LLY.png,logos\LillyLLY.png
Eli,LillyLLY,2003,$79.03 B,10.88%,https://companiesmarketcap.com/img/company-logos/256/LLY.png,logos\LillyLLY.png
Eli,LillyLLY,2002,$71.27 B,-19.21%,https://companiesmarketcap.com/img/company-logos/256/LLY.png,logos\LillyLLY.png
Eli,LillyLLY,2001,$88.22 B,-15.85%,https://companiesmarketcap.com/img/company-logos/256/LLY.png,logos\LillyLLY.png
Eli,LillyLLY,2000,$104.84 B,44.61%,https://companiesmarketcap.com/img/company-logos/256/LLY.png,logos\LillyLLY.png
Eli,LillyLLY,1999,$72.50 B,-25.6%,https://companiesmarketcap.com/img/company-logos/256/LLY.png,logos\LillyLLY.png
Eli,LillyLLY,1998,$97.44 B,26.03%,https://companiesmarketcap.com/img/company-logos/256/LLY.png,logos\LillyLLY.png
Eli,LillyLLY,1997,$77.32 B,90.29%,https://companiesmarketcap.com/img/company-logos/256/LLY.png,logos\LillyLLY.png
Eli,LillyLLY,1996,$40.63 B,,https://companiesmarketcap.com/img/company-logos/256/LLY.png,logos\LillyLLY.png
AMDAMD,,2026,$1.004 T,187.08%,https://companiesmarketcap.com/img/company-logos/256/AMD.png,logos\AMDAMD.png
AMDAMD,,2025,$350.01 B,72.28%,https://companiesmarketcap.com/img/company-logos/256/AMD.png,logos\AMDAMD.png
AMDAMD,,2024,$203.15 B,-14.69%,https://companiesmarketcap.com/img/company-logos/256/AMD.png,logos\AMDAMD.png
AMDAMD,,2023,$238.14 B,128.03%,https://companiesmarketcap.com/img/company-logos/256/AMD.png,logos\AMDAMD.png
AMDAMD,,2022,$104.43 B,-39.9%,https://companiesmarketcap.com/img/company-logos/256/AMD.png,logos\AMDAMD.png
AMDAMD,,2021,$173.77 B,57.37%,https://companiesmarketcap.com/img/company-logos/256/AMD.png,logos\AMDAMD.png
AMDAMD,,2020,$110.42 B,105.8%,https://companiesmarketcap.com/img/company-logos/256/AMD.png,logos\AMDAMD.png
AMDAMD,,2019,$53.65 B,189.22%,https://companiesmarketcap.com/img/company-logos/256/AMD.png,logos\AMDAMD.png
AMDAMD,,2018,$18.55 B,87.05%,https://companiesmarketcap.com/img/company-logos/256/AMD.png,logos\AMDAMD.png
AMDAMD,,2017,$9.91 B,-5.64%,https://companiesmarketcap.com/img/company-logos/256/AMD.png,logos\AMDAMD.png
AMDAMD,,2016,$10.51 B,362.41%,https://companiesmarketcap.com/img/company-logos/256/AMD.png,logos\AMDAMD.png
AMDAMD,,2015,$2.27 B,9.71%,https://companiesmarketcap.com/img/company-logos/256/AMD.png,logos\AMDAMD.png
AMDAMD,,2014,$2.07 B,-26.15%,https://companiesmarketcap.com/img/company-logos/256/AMD.png,logos\AMDAMD.png
AMDAMD,,2013,$2.80 B,63.96%,https://companiesmarketcap.com/img/company-logos/256/AMD.png,logos\AMDAMD.png
AMDAMD,,2012,$1.71 B,-54.53%,https://companiesmarketcap.com/img/company-logos/256/AMD.png,logos\AMDAMD.png
AMDAMD,,2011,$3.76 B,-32.64%,https://companiesmarketcap.com/img/company-logos/256/AMD.png,logos\AMDAMD.png
AMDAMD,,2010,$5.58 B,-13.98%,https://companiesmarketcap.com/img/company-logos/256/AMD.png,logos\AMDAMD.png
AMDAMD,,2009,$6.49 B,394.19%,https://companiesmarketcap.com/img/company-logos/256/AMD.png,logos\AMDAMD.png
AMDAMD,,2008,$1.31 B,-71.08%,https://companiesmarketcap.com/img/company-logos/256/AMD.png,logos\AMDAMD.png
AMDAMD,,2007,$4.54 B,-59.17%,https://companiesmarketcap.com/img/company-logos/256/AMD.png,logos\AMDAMD.png
AMDAMD,,2006,$11.13 B,-16.48%,https://companiesmarketcap.com/img/company-logos/256/AMD.png,logos\AMDAMD.png
AMDAMD,,2005,$13.32 B,54.5%,https://companiesmarketcap.com/img/company-logos/256/AMD.png,logos\AMDAMD.png
AMDAMD,,2004,$8.62 B,65.29%,https://companiesmarketcap.com/img/company-logos/256/AMD.png,logos\AMDAMD.png
AMDAMD,,2003,$5.21 B,134.48%,https://companiesmarketcap.com/img/company-logos/256/AMD.png,logos\AMDAMD.png
AMDAMD,,2002,$2.22 B,-58.79%,https://companiesmarketcap.com/img/company-logos/256/AMD.png,logos\AMDAMD.png
AMDAMD,,2001,$5.40 B,24.46%,https://companiesmarketcap.com/img/company-logos/256/AMD.png,logos\AMDAMD.png
AMDAMD,,2000,$4.33 B,0.87%,https://companiesmarketcap.com/img/company-logos/256/AMD.png,logos\AMDAMD.png
AMDAMD,,1999,$4.30 B,1.97%,https://companiesmarketcap.com/img/company-logos/256/AMD.png,logos\AMDAMD.png
AMDAMD,,1998,$4.21 B,67.24%,https://companiesmarketcap.com/img/company-logos/256/AMD.png,logos\AMDAMD.png
AMDAMD,,1997,$2.52 B,-28.79%,https://companiesmarketcap.com/img/company-logos/256/AMD.png,logos\AMDAMD.png
AMDAMD,,1996,$3.54 B,,https://companiesmarketcap.com/img/company-logos/256/AMD.png,logos\AMDAMD.png
SK,Hynix000660.KS,2026,$964.37 B,236.47%,https://companiesmarketcap.com/img/company-logos/256/000660.KS.png,logos\Hynix000660.KS.png
SK,Hynix000660.KS,2025,$286.61 B,250.67%,https://companiesmarketcap.com/img/company-logos/256/000660.KS.png,logos\Hynix000660.KS.png
SK,Hynix000660.KS,2024,$81.73 B,5.59%,https://companiesmarketcap.com/img/company-logos/256/000660.KS.png,logos\Hynix000660.KS.png
SK,Hynix000660.KS,2023,$77.40 B,90.39%,https://companiesmarketcap.com/img/company-logos/256/000660.KS.png,logos\Hynix000660.KS.png
SK,Hynix000660.KS,2022,$40.65 B,-46.29%,https://companiesmarketcap.com/img/company-logos/256/000660.KS.png,logos\Hynix000660.KS.png
SK,Hynix000660.KS,2021,$75.70 B,1.47%,https://companiesmarketcap.com/img/company-logos/256/000660.KS.png,logos\Hynix000660.KS.png
SK,Hynix000660.KS,2020,$74.60 B,34.04%,https://companiesmarketcap.com/img/company-logos/256/000660.KS.png,logos\Hynix000660.KS.png
SK,Hynix000660.KS,2019,$55.66 B,50.15%,https://companiesmarketcap.com/img/company-logos/256/000660.KS.png,logos\Hynix000660.KS.png
SK,Hynix000660.KS,2018,$37.07 B,-26.59%,https://companiesmarketcap.com/img/company-logos/256/000660.KS.png,logos\Hynix000660.KS.png
SK,Hynix000660.KS,2017,$50.49 B,92.87%,https://companiesmarketcap.com/img/company-logos/256/000660.KS.png,logos\Hynix000660.KS.png
SK,Hynix000660.KS,2016,$26.18 B,41.77%,https://companiesmarketcap.com/img/company-logos/256/000660.KS.png,logos\Hynix000660.KS.png
SK,Hynix000660.KS,2015,$18.46 B,-41.81%,https://companiesmarketcap.com/img/company-logos/256/000660.KS.png,logos\Hynix000660.KS.png
SK,Hynix000660.KS,2014,$31.73 B,28.03%,https://companiesmarketcap.com/img/company-logos/256/000660.KS.png,logos\Hynix000660.KS.png
SK,Hynix000660.KS,2013,$24.78 B,43.97%,https://companiesmarketcap.com/img/company-logos/256/000660.KS.png,logos\Hynix000660.KS.png
SK,Hynix000660.KS,2012,$17.21 B,53.05%,https://companiesmarketcap.com/img/company-logos/256/000660.KS.png,logos\Hynix000660.KS.png
SK,Hynix000660.KS,2011,$11.24 B,-10.5%,https://companiesmarketcap.com/img/company-logos/256/000660.KS.png,logos\Hynix000660.KS.png
SK,Hynix000660.KS,2010,$12.56 B,35.98%,https://companiesmarketcap.com/img/company-logos/256/000660.KS.png,logos\Hynix000660.KS.png
SK,Hynix000660.KS,2009,$9.24 B,272.87%,https://companiesmarketcap.com/img/company-logos/256/000660.KS.png,logos\Hynix000660.KS.png
SK,Hynix000660.KS,2008,$2.47 B,-80.54%,https://companiesmarketcap.com/img/company-logos/256/000660.KS.png,logos\Hynix000660.KS.png
SK,Hynix000660.KS,2007,$12.74 B,,https://companiesmarketcap.com/img/company-logos/256/000660.KS.png,logos\Hynix000660.KS.png
JPMorgan,ChaseJPM,2026,$935.78 B,3.78%,https://companiesmarketcap.com/img/company-logos/256/JPM.png,logos\ChaseJPM.png
JPMorgan,ChaseJPM,2025,$901.67 B,32.8%,https://companiesmarketcap.com/img/company-logos/256/JPM.png,logos\ChaseJPM.png
JPMorgan,ChaseJPM,2024,$678.97 B,38.07%,https://companiesmarketcap.com/img/company-logos/256/JPM.png,logos\ChaseJPM.png
JPMorgan,ChaseJPM,2023,$491.76 B,25.02%,https://companiesmarketcap.com/img/company-logos/256/JPM.png,logos\ChaseJPM.png
JPMorgan,ChaseJPM,2022,$393.34 B,-15.63%,https://companiesmarketcap.com/img/company-logos/256/JPM.png,logos\ChaseJPM.png
JPMorgan,ChaseJPM,2021,$466.19 B,20.36%,https://companiesmarketcap.com/img/company-logos/256/JPM.png,logos\ChaseJPM.png
JPMorgan,ChaseJPM,2020,$387.33 B,-9.9%,https://companiesmarketcap.com/img/company-logos/256/JPM.png,logos\ChaseJPM.png
JPMorgan,ChaseJPM,2019,$429.91 B,34.44%,https://companiesmarketcap.com/img/company-logos/256/JPM.png,logos\ChaseJPM.png
JPMorgan,ChaseJPM,2018,$319.78 B,-13.82%,https://companiesmarketcap.com/img/company-logos/256/JPM.png,logos\ChaseJPM.png
JPMorgan,ChaseJPM,2017,$371.05 B,20.17%,https://companiesmarketcap.com/img/company-logos/256/JPM.png,logos\ChaseJPM.png
JPMorgan,ChaseJPM,2016,$308.76 B,27.64%,https://companiesmarketcap.com/img/company-logos/256/JPM.png,logos\ChaseJPM.png
JPMorgan,ChaseJPM,2015,$241.89 B,4.06%,https://companiesmarketcap.com/img/company-logos/256/JPM.png,logos\ChaseJPM.png
JPMorgan,ChaseJPM,2014,$232.47 B,5.83%,https://companiesmarketcap.com/img/company-logos/256/JPM.png,logos\ChaseJPM.png
JPMorgan,ChaseJPM,2013,$219.65 B,31.33%,https://companiesmarketcap.com/img/company-logos/256/JPM.png,logos\ChaseJPM.png
JPMorgan,ChaseJPM,2012,$167.25 B,32.38%,https://companiesmarketcap.com/img/company-logos/256/JPM.png,logos\ChaseJPM.png
JPMorgan,ChaseJPM,2011,$126.34 B,-23.83%,https://companiesmarketcap.com/img/company-logos/256/JPM.png,logos\ChaseJPM.png
JPMorgan,ChaseJPM,2010,$165.87 B,0.98%,https://companiesmarketcap.com/img/company-logos/256/JPM.png,logos\ChaseJPM.png
JPMorgan,ChaseJPM,2009,$164.26 B,39.58%,https://companiesmarketcap.com/img/company-logos/256/JPM.png,logos\ChaseJPM.png
JPMorgan,ChaseJPM,2008,$117.68 B,-19.94%,https://companiesmarketcap.com/img/company-logos/256/JPM.png,logos\ChaseJPM.png
JPMorgan,ChaseJPM,2007,$146.98 B,-12.09%,https://companiesmarketcap.com/img/company-logos/256/JPM.png,logos\ChaseJPM.png
JPMorgan,ChaseJPM,2006,$167.19 B,20.82%,https://companiesmarketcap.com/img/company-logos/256/JPM.png,logos\ChaseJPM.png
JPMorgan,ChaseJPM,2005,$138.38 B,-0.25%,https://companiesmarketcap.com/img/company-logos/256/JPM.png,logos\ChaseJPM.png
JPMorgan,ChaseJPM,2004,$138.72 B,84.91%,https://companiesmarketcap.com/img/company-logos/256/JPM.png,logos\ChaseJPM.png
JPMorgan,ChaseJPM,2003,$75.02 B,56.4%,https://companiesmarketcap.com/img/company-logos/256/JPM.png,logos\ChaseJPM.png
JPMorgan,ChaseJPM,2002,$47.96 B,-33.46%,https://companiesmarketcap.com/img/company-logos/256/JPM.png,logos\ChaseJPM.png
JPMorgan,ChaseJPM,2001,$72.08 B,-17.73%,https://companiesmarketcap.com/img/company-logos/256/JPM.png,logos\ChaseJPM.png
JPMorgan,ChaseJPM,2000,$87.62 B,36.36%,https://companiesmarketcap.com/img/company-logos/256/JPM.png,logos\ChaseJPM.png
JPMorgan,ChaseJPM,1999,$64.26 B,6.73%,https://companiesmarketcap.com/img/company-logos/256/JPM.png,logos\ChaseJPM.png
JPMorgan,ChaseJPM,1998,$60.20 B,30.61%,https://companiesmarketcap.com/img/company-logos/256/JPM.png,logos\ChaseJPM.png
JPMorgan,ChaseJPM,1997,$46.09 B,19.72%,https://companiesmarketcap.com/img/company-logos/256/JPM.png,logos\ChaseJPM.png
JPMorgan,ChaseJPM,1996,$38.50 B,,https://companiesmarketcap.com/img/company-logos/256/JPM.png,logos\ChaseJPM.png
WalmartWMT,,2026,$855.01 B,-4.03%,https://companiesmarketcap.com/img/company-logos/256/WMT.png,logos\WalmartWMT.png
WalmartWMT,,2025,$890.88 B,20.99%,https://companiesmarketcap.com/img/company-logos/256/WMT.png,logos\WalmartWMT.png
WalmartWMT,,2024,$736.34 B,73.49%,https://companiesmarketcap.com/img/company-logos/256/WMT.png,logos\WalmartWMT.png
WalmartWMT,,2023,$424.43 B,11%,https://companiesmarketcap.com/img/company-logos/256/WMT.png,logos\WalmartWMT.png
WalmartWMT,,2022,$382.37 B,-4.73%,https://companiesmarketcap.com/img/company-logos/256/WMT.png,logos\WalmartWMT.png
WalmartWMT,,2021,$401.35 B,-1.59%,https://companiesmarketcap.com/img/company-logos/256/WMT.png,logos\WalmartWMT.png
WalmartWMT,,2020,$407.84 B,20.96%,https://companiesmarketcap.com/img/company-logos/256/WMT.png,logos\WalmartWMT.png
WalmartWMT,,2019,$337.16 B,24.59%,https://companiesmarketcap.com/img/company-logos/256/WMT.png,logos\WalmartWMT.png
WalmartWMT,,2018,$270.62 B,-7.49%,https://companiesmarketcap.com/img/company-logos/256/WMT.png,logos\WalmartWMT.png
WalmartWMT,,2017,$292.53 B,37.72%,https://companiesmarketcap.com/img/company-logos/256/WMT.png,logos\WalmartWMT.png
WalmartWMT,,2016,$212.41 B,8.22%,https://companiesmarketcap.com/img/company-logos/256/WMT.png,logos\WalmartWMT.png
WalmartWMT,,2015,$196.27 B,-29.09%,https://companiesmarketcap.com/img/company-logos/256/WMT.png,logos\WalmartWMT.png
WalmartWMT,,2014,$276.80 B,8.71%,https://companiesmarketcap.com/img/company-logos/256/WMT.png,logos\WalmartWMT.png
WalmartWMT,,2013,$254.62 B,11.56%,https://companiesmarketcap.com/img/company-logos/256/WMT.png,logos\WalmartWMT.png
WalmartWMT,,2012,$228.24 B,11.52%,https://companiesmarketcap.com/img/company-logos/256/WMT.png,logos\WalmartWMT.png
WalmartWMT,,2011,$204.65 B,6.54%,https://companiesmarketcap.com/img/company-logos/256/WMT.png,logos\WalmartWMT.png
WalmartWMT,,2010,$192.09 B,-5.67%,https://companiesmarketcap.com/img/company-logos/256/WMT.png,logos\WalmartWMT.png
WalmartWMT,,2009,$203.65 B,-7.39%,https://companiesmarketcap.com/img/company-logos/256/WMT.png,logos\WalmartWMT.png
WalmartWMT,,2008,$219.89 B,15.52%,https://companiesmarketcap.com/img/company-logos/256/WMT.png,logos\WalmartWMT.png
WalmartWMT,,2007,$190.34 B,-1.11%,https://companiesmarketcap.com/img/company-logos/256/WMT.png,logos\WalmartWMT.png
WalmartWMT,,2006,$192.47 B,-1.22%,https://companiesmarketcap.com/img/company-logos/256/WMT.png,logos\WalmartWMT.png
WalmartWMT,,2005,$194.85 B,-12.89%,https://companiesmarketcap.com/img/company-logos/256/WMT.png,logos\WalmartWMT.png
WalmartWMT,,2004,$223.68 B,-2.79%,https://companiesmarketcap.com/img/company-logos/256/WMT.png,logos\WalmartWMT.png
WalmartWMT,,2003,$230.10 B,2.99%,https://companiesmarketcap.com/img/company-logos/256/WMT.png,logos\WalmartWMT.png
WalmartWMT,,2002,$223.43 B,-12.89%,https://companiesmarketcap.com/img/company-logos/256/WMT.png,logos\WalmartWMT.png
WalmartWMT,,2001,$256.50 B,8.1%,https://companiesmarketcap.com/img/company-logos/256/WMT.png,logos\WalmartWMT.png
WalmartWMT,,2000,$237.29 B,-22.93%,https://companiesmarketcap.com/img/company-logos/256/WMT.png,logos\WalmartWMT.png
WalmartWMT,,1999,$307.88 B,70.03%,https://companiesmarketcap.com/img/company-logos/256/WMT.png,logos\WalmartWMT.png
WalmartWMT,,1998,$181.07 B,104.43%,https://companiesmarketcap.com/img/company-logos/256/WMT.png,logos\WalmartWMT.png
WalmartWMT,,1997,$88.57 B,69.73%,https://companiesmarketcap.com/img/company-logos/256/WMT.png,logos\WalmartWMT.png
WalmartWMT,,1996,$52.18 B,,https://companiesmarketcap.com/img/company-logos/256/WMT.png,logos\WalmartWMT.png
VisaV,,2026,$694.52 B,1.37%,https://companiesmarketcap.com/img/company-logos/256/V.png,logos\VisaV.png
VisaV,,2025,$685.11 B,11.03%,https://companiesmarketcap.com/img/company-logos/256/V.png,logos\VisaV.png
VisaV,,2024,$617.07 B,15.33%,https://companiesmarketcap.com/img/company-logos/256/V.png,logos\VisaV.png
VisaV,,2023,$535.06 B,21.62%,https://companiesmarketcap.com/img/company-logos/256/V.png,logos\VisaV.png
VisaV,,2022,$439.95 B,-6.28%,https://companiesmarketcap.com/img/company-logos/256/V.png,logos\VisaV.png
VisaV,,2021,$469.42 B,-2.64%,https://companiesmarketcap.com/img/company-logos/256/V.png,logos\VisaV.png
VisaV,,2020,$482.17 B,15.69%,https://companiesmarketcap.com/img/company-logos/256/V.png,logos\VisaV.png
VisaV,,2019,$416.79 B,39.23%,https://companiesmarketcap.com/img/company-logos/256/V.png,logos\VisaV.png
VisaV,,2018,$299.35 B,12.48%,https://companiesmarketcap.com/img/company-logos/256/V.png,logos\VisaV.png
VisaV,,2017,$266.14 B,42.46%,https://companiesmarketcap.com/img/company-logos/256/V.png,logos\VisaV.png
VisaV,,2016,$186.81 B,0.39%,https://companiesmarketcap.com/img/company-logos/256/V.png,logos\VisaV.png
VisaV,,2015,$186.08 B,15.51%,https://companiesmarketcap.com/img/company-logos/256/V.png,logos\VisaV.png
VisaV,,2014,$161.09 B,14.76%,https://companiesmarketcap.com/img/company-logos/256/V.png,logos\VisaV.png
VisaV,,2013,$140.37 B,40.66%,https://companiesmarketcap.com/img/company-logos/256/V.png,logos\VisaV.png
VisaV,,2012,$99.79 B,47.28%,https://companiesmarketcap.com/img/company-logos/256/V.png,logos\VisaV.png
VisaV,,2011,$67.76 B,40.06%,https://companiesmarketcap.com/img/company-logos/256/V.png,logos\VisaV.png
VisaV,,2010,$48.37 B,-20.57%,https://companiesmarketcap.com/img/company-logos/256/V.png,logos\VisaV.png
VisaV,,2009,$60.90 B,37.25%,https://companiesmarketcap.com/img/company-logos/256/V.png,logos\VisaV.png
VisaV,,2008,$44.37 B,,https://companiesmarketcap.com/img/company-logos/256/V.png,logos\VisaV.png
ASMLASML,,2026,$657.31 B,57.86%,https://companiesmarketcap.com/img/company-logos/256/ASML.png,logos\ASMLASML.png
ASMLASML,,2025,$416.38 B,48.38%,https://companiesmarketcap.com/img/company-logos/256/ASML.png,logos\ASMLASML.png
ASMLASML,,2024,$280.61 B,-6.05%,https://companiesmarketcap.com/img/company-logos/256/ASML.png,logos\ASMLASML.png
ASMLASML,,2023,$298.67 B,35.59%,https://companiesmarketcap.com/img/company-logos/256/ASML.png,logos\ASMLASML.png
ASMLASML,,2022,$220.27 B,-32.27%,https://companiesmarketcap.com/img/company-logos/256/ASML.png,logos\ASMLASML.png
ASMLASML,,2021,$325.23 B,58.56%,https://companiesmarketcap.com/img/company-logos/256/ASML.png,logos\ASMLASML.png
ASMLASML,,2020,$205.12 B,65.41%,https://companiesmarketcap.com/img/company-logos/256/ASML.png,logos\ASMLASML.png
ASMLASML,,2019,$124.00 B,87.69%,https://companiesmarketcap.com/img/company-logos/256/ASML.png,logos\ASMLASML.png
ASMLASML,,2018,$66.06 B,-11.44%,https://companiesmarketcap.com/img/company-logos/256/ASML.png,logos\ASMLASML.png
ASMLASML,,2017,$74.60 B,56.11%,https://companiesmarketcap.com/img/company-logos/256/ASML.png,logos\ASMLASML.png
ASMLASML,,2016,$47.78 B,21.45%,https://companiesmarketcap.com/img/company-logos/256/ASML.png,logos\ASMLASML.png
ASMLASML,,2015,$39.34 B,-16.49%,https://companiesmarketcap.com/img/company-logos/256/ASML.png,logos\ASMLASML.png
ASMLASML,,2014,$47.11 B,13.76%,https://companiesmarketcap.com/img/company-logos/256/ASML.png,logos\ASMLASML.png
ASMLASML,,2013,$41.42 B,60.25%,https://companiesmarketcap.com/img/company-logos/256/ASML.png,logos\ASMLASML.png
ASMLASML,,2012,$25.84 B,49.51%,https://companiesmarketcap.com/img/company-logos/256/ASML.png,logos\ASMLASML.png
ASMLASML,,2011,$17.28 B,3.28%,https://companiesmarketcap.com/img/company-logos/256/ASML.png,logos\ASMLASML.png
ASMLASML,,2010,$16.73 B,13.64%,https://companiesmarketcap.com/img/company-logos/256/ASML.png,logos\ASMLASML.png
ASMLASML,,2009,$14.72 B,88.66%,https://companiesmarketcap.com/img/company-logos/256/ASML.png,logos\ASMLASML.png
ASMLASML,,2008,$7.80 B,-42.72%,https://companiesmarketcap.com/img/company-logos/256/ASML.png,logos\ASMLASML.png
ASMLASML,,2007,$13.63 B,16%,https://companiesmarketcap.com/img/company-logos/256/ASML.png,logos\ASMLASML.png
ASMLASML,,2006,$11.75 B,20.74%,https://companiesmarketcap.com/img/company-logos/256/ASML.png,logos\ASMLASML.png
ASMLASML,,2005,$9.73 B,26.39%,https://companiesmarketcap.com/img/company-logos/256/ASML.png,logos\ASMLASML.png
ASMLASML,,2004,$7.70 B,-20.41%,https://companiesmarketcap.com/img/company-logos/256/ASML.png,logos\ASMLASML.png
ASMLASML,,2003,$9.67 B,139.99%,https://companiesmarketcap.com/img/company-logos/256/ASML.png,logos\ASMLASML.png
ASMLASML,,2002,$4.03 B,-49.37%,https://companiesmarketcap.com/img/company-logos/256/ASML.png,logos\ASMLASML.png
ASMLASML,,2001,$7.96 B,-15.78%,https://companiesmarketcap.com/img/company-logos/256/ASML.png,logos\ASMLASML.png
ASMLASML,,2000,$9.45 B,-40.29%,https://companiesmarketcap.com/img/company-logos/256/ASML.png,logos\ASMLASML.png
ASMLASML,,1999,$15.83 B,233.48%,https://companiesmarketcap.com/img/company-logos/256/ASML.png,logos\ASMLASML.png
ASMLASML,,1998,$4.74 B,-9.48%,https://companiesmarketcap.com/img/company-logos/256/ASML.png,logos\ASMLASML.png
ASMLASML,,1997,$5.24 B,183.34%,https://companiesmarketcap.com/img/company-logos/256/ASML.png,logos\ASMLASML.png
ASMLASML,,1996,$1.85 B,,https://companiesmarketcap.com/img/company-logos/256/ASML.png,logos\ASMLASML.png
Exxon,MobilXOM,2026,$650.91 B,28.18%,https://companiesmarketcap.com/img/company-logos/256/XOM.png,logos\MobilXOM.png
Exxon,MobilXOM,2025,$507.79 B,8.51%,https://companiesmarketcap.com/img/company-logos/256/XOM.png,logos\MobilXOM.png
Exxon,MobilXOM,2024,$467.98 B,17.12%,https://companiesmarketcap.com/img/company-logos/256/XOM.png,logos\MobilXOM.png
Exxon,MobilXOM,2023,$399.59 B,-12.03%,https://companiesmarketcap.com/img/company-logos/256/XOM.png,logos\MobilXOM.png
Exxon,MobilXOM,2022,$454.24 B,75.13%,https://companiesmarketcap.com/img/company-logos/256/XOM.png,logos\MobilXOM.png
Exxon,MobilXOM,2021,$259.38 B,48.83%,https://companiesmarketcap.com/img/company-logos/256/XOM.png,logos\MobilXOM.png
Exxon,MobilXOM,2020,$174.28 B,-41.01%,https://companiesmarketcap.com/img/company-logos/256/XOM.png,logos\MobilXOM.png
Exxon,MobilXOM,2019,$295.44 B,2.26%,https://companiesmarketcap.com/img/company-logos/256/XOM.png,logos\MobilXOM.png
Exxon,MobilXOM,2018,$288.92 B,-18.47%,https://companiesmarketcap.com/img/company-logos/256/XOM.png,logos\MobilXOM.png
Exxon,MobilXOM,2017,$354.39 B,-5.31%,https://companiesmarketcap.com/img/company-logos/256/XOM.png,logos\MobilXOM.png
Exxon,MobilXOM,2016,$374.28 B,15.53%,https://companiesmarketcap.com/img/company-logos/256/XOM.png,logos\MobilXOM.png
Exxon,MobilXOM,2015,$323.96 B,-16.59%,https://companiesmarketcap.com/img/company-logos/256/XOM.png,logos\MobilXOM.png
Exxon,MobilXOM,2014,$388.38 B,-11.47%,https://companiesmarketcap.com/img/company-logos/256/XOM.png,logos\MobilXOM.png
Exxon,MobilXOM,2013,$438.70 B,12.59%,https://companiesmarketcap.com/img/company-logos/256/XOM.png,logos\MobilXOM.png
Exxon,MobilXOM,2012,$389.64 B,-4.09%,https://companiesmarketcap.com/img/company-logos/256/XOM.png,logos\MobilXOM.png
Exxon,MobilXOM,2011,$406.27 B,11.59%,https://companiesmarketcap.com/img/company-logos/256/XOM.png,logos\MobilXOM.png
Exxon,MobilXOM,2010,$364.06 B,12.95%,https://companiesmarketcap.com/img/company-logos/256/XOM.png,logos\MobilXOM.png
Exxon,MobilXOM,2009,$322.33 B,-20.62%,https://companiesmarketcap.com/img/company-logos/256/XOM.png,logos\MobilXOM.png
Exxon,MobilXOM,2008,$406.06 B,-19.47%,https://companiesmarketcap.com/img/company-logos/256/XOM.png,logos\MobilXOM.png
Exxon,MobilXOM,2007,$504.23 B,14.86%,https://companiesmarketcap.com/img/company-logos/256/XOM.png,logos\MobilXOM.png
Exxon,MobilXOM,2006,$439.01 B,27.44%,https://companiesmarketcap.com/img/company-logos/256/XOM.png,logos\MobilXOM.png
Exxon,MobilXOM,2005,$344.49 B,4.99%,https://companiesmarketcap.com/img/company-logos/256/XOM.png,logos\MobilXOM.png
Exxon,MobilXOM,2004,$328.11 B,21.85%,https://companiesmarketcap.com/img/company-logos/256/XOM.png,logos\MobilXOM.png
Exxon,MobilXOM,2003,$269.28 B,14.83%,https://companiesmarketcap.com/img/company-logos/256/XOM.png,logos\MobilXOM.png
Exxon,MobilXOM,2002,$234.50 B,-12.37%,https://companiesmarketcap.com/img/company-logos/256/XOM.png,logos\MobilXOM.png
Exxon,MobilXOM,2001,$267.59 B,-11.17%,https://companiesmarketcap.com/img/company-logos/256/XOM.png,logos\MobilXOM.png
Exxon,MobilXOM,2000,$301.24 B,7.54%,https://companiesmarketcap.com/img/company-logos/256/XOM.png,logos\MobilXOM.png
Exxon,MobilXOM,1999,$280.12 B,57.77%,https://companiesmarketcap.com/img/company-logos/256/XOM.png,logos\MobilXOM.png
Exxon,MobilXOM,1998,$177.54 B,18.1%,https://companiesmarketcap.com/img/company-logos/256/XOM.png,logos\MobilXOM.png
Exxon,MobilXOM,1997,$150.33 B,23.52%,https://companiesmarketcap.com/img/company-logos/256/XOM.png,logos\MobilXOM.png
Exxon,MobilXOM,1996,$121.71 B,,https://companiesmarketcap.com/img/company-logos/256/XOM.png,logos\MobilXOM.png
Johnson &,JohnsonJNJ,2026,$649.39 B,29.82%,https://companiesmarketcap.com/img/company-logos/256/JNJ.png,logos\JohnsonJNJ.png
Johnson &,JohnsonJNJ,2025,$500.24 B,43.24%,https://companiesmarketcap.com/img/company-logos/256/JNJ.png,logos\JohnsonJNJ.png
Johnson &,JohnsonJNJ,2024,$349.22 B,-7.45%,https://companiesmarketcap.com/img/company-logos/256/JNJ.png,logos\JohnsonJNJ.png
Johnson &,JohnsonJNJ,2023,$377.31 B,-18.3%,https://companiesmarketcap.com/img/company-logos/256/JNJ.png,logos\JohnsonJNJ.png
Johnson &,JohnsonJNJ,2022,$461.84 B,2.55%,https://companiesmarketcap.com/img/company-logos/256/JNJ.png,logos\JohnsonJNJ.png
Johnson &,JohnsonJNJ,2021,$450.35 B,8.7%,https://companiesmarketcap.com/img/company-logos/256/JNJ.png,logos\JohnsonJNJ.png
Johnson &,JohnsonJNJ,2020,$414.30 B,7.89%,https://companiesmarketcap.com/img/company-logos/256/JNJ.png,logos\JohnsonJNJ.png
Johnson &,JohnsonJNJ,2019,$384.00 B,11.77%,https://companiesmarketcap.com/img/company-logos/256/JNJ.png,logos\JohnsonJNJ.png
Johnson &,JohnsonJNJ,2018,$343.57 B,-8.47%,https://companiesmarketcap.com/img/company-logos/256/JNJ.png,logos\JohnsonJNJ.png
Johnson &,JohnsonJNJ,2017,$375.36 B,19.76%,https://companiesmarketcap.com/img/company-logos/256/JNJ.png,logos\JohnsonJNJ.png
Johnson &,JohnsonJNJ,2016,$313.43 B,10.28%,https://companiesmarketcap.com/img/company-logos/256/JNJ.png,logos\JohnsonJNJ.png
Johnson &,JohnsonJNJ,2015,$284.22 B,-2.34%,https://companiesmarketcap.com/img/company-logos/256/JNJ.png,logos\JohnsonJNJ.png
Johnson &,JohnsonJNJ,2014,$291.04 B,12.66%,https://companiesmarketcap.com/img/company-logos/256/JNJ.png,logos\JohnsonJNJ.png
Johnson &,JohnsonJNJ,2013,$258.34 B,32.64%,https://companiesmarketcap.com/img/company-logos/256/JNJ.png,logos\JohnsonJNJ.png
Johnson &,JohnsonJNJ,2012,$194.77 B,8.76%,https://companiesmarketcap.com/img/company-logos/256/JNJ.png,logos\JohnsonJNJ.png
Johnson &,JohnsonJNJ,2011,$179.08 B,5.44%,https://companiesmarketcap.com/img/company-logos/256/JNJ.png,logos\JohnsonJNJ.png
Johnson &,JohnsonJNJ,2010,$169.85 B,-4.42%,https://companiesmarketcap.com/img/company-logos/256/JNJ.png,logos\JohnsonJNJ.png
Johnson &,JohnsonJNJ,2009,$177.71 B,7.05%,https://companiesmarketcap.com/img/company-logos/256/JNJ.png,logos\JohnsonJNJ.png
Johnson &,JohnsonJNJ,2008,$166.00 B,-12.37%,https://companiesmarketcap.com/img/company-logos/256/JNJ.png,logos\JohnsonJNJ.png
Johnson &,JohnsonJNJ,2007,$189.44 B,-0.82%,https://companiesmarketcap.com/img/company-logos/256/JNJ.png,logos\JohnsonJNJ.png
Johnson &,JohnsonJNJ,2006,$191.01 B,6.85%,https://companiesmarketcap.com/img/company-logos/256/JNJ.png,logos\JohnsonJNJ.png
Johnson &,JohnsonJNJ,2005,$178.76 B,-5.12%,https://companiesmarketcap.com/img/company-logos/256/JNJ.png,logos\JohnsonJNJ.png
Johnson &,JohnsonJNJ,2004,$188.42 B,22.89%,https://companiesmarketcap.com/img/company-logos/256/JNJ.png,logos\JohnsonJNJ.png
Johnson &,JohnsonJNJ,2003,$153.32 B,-3.83%,https://companiesmarketcap.com/img/company-logos/256/JNJ.png,logos\JohnsonJNJ.png
Johnson &,JohnsonJNJ,2002,$159.42 B,-11.47%,https://companiesmarketcap.com/img/company-logos/256/JNJ.png,logos\JohnsonJNJ.png
Johnson &,JohnsonJNJ,2001,$180.09 B,23.23%,https://companiesmarketcap.com/img/company-logos/256/JNJ.png,logos\JohnsonJNJ.png
Johnson &,JohnsonJNJ,2000,$146.13 B,12.77%,https://companiesmarketcap.com/img/company-logos/256/JNJ.png,logos\JohnsonJNJ.png
Johnson &,JohnsonJNJ,1999,$129.58 B,14.95%,https://companiesmarketcap.com/img/company-logos/256/JNJ.png,logos\JohnsonJNJ.png
Johnson &,JohnsonJNJ,1998,$112.73 B,27.22%,https://companiesmarketcap.com/img/company-logos/256/JNJ.png,logos\JohnsonJNJ.png
Johnson &,JohnsonJNJ,1997,$88.61 B,33.67%,https://companiesmarketcap.com/img/company-logos/256/JNJ.png,logos\JohnsonJNJ.png
Johnson &,JohnsonJNJ,1996,$66.29 B,,https://companiesmarketcap.com/img/company-logos/256/JNJ.png,logos\JohnsonJNJ.png
IntelINTC,,2026,$643.74 B,272.81%,https://companiesmarketcap.com/img/company-logos/256/INTC.png,logos\IntelINTC.png
IntelINTC,,2025,$172.67 B,97.22%,https://companiesmarketcap.com/img/company-logos/256/INTC.png,logos\IntelINTC.png
IntelINTC,,2024,$87.55 B,-58.67%,https://companiesmarketcap.com/img/company-logos/256/INTC.png,logos\IntelINTC.png
IntelINTC,,2023,$211.85 B,94.22%,https://companiesmarketcap.com/img/company-logos/256/INTC.png,logos\IntelINTC.png
IntelINTC,,2022,$109.07 B,-47.96%,https://companiesmarketcap.com/img/company-logos/256/INTC.png,logos\IntelINTC.png
IntelINTC,,2021,$209.60 B,2.67%,https://companiesmarketcap.com/img/company-logos/256/INTC.png,logos\IntelINTC.png
IntelINTC,,2020,$204.16 B,-20.48%,https://companiesmarketcap.com/img/company-logos/256/INTC.png,logos\IntelINTC.png
IntelINTC,,2019,$256.75 B,21.15%,https://companiesmarketcap.com/img/company-logos/256/INTC.png,logos\IntelINTC.png
IntelINTC,,2018,$211.93 B,-1.89%,https://companiesmarketcap.com/img/company-logos/256/INTC.png,logos\IntelINTC.png
IntelINTC,,2017,$216.02 B,25.68%,https://companiesmarketcap.com/img/company-logos/256/INTC.png,logos\IntelINTC.png
IntelINTC,,2016,$171.88 B,5.59%,https://companiesmarketcap.com/img/company-logos/256/INTC.png,logos\IntelINTC.png
IntelINTC,,2015,$162.77 B,-5.53%,https://companiesmarketcap.com/img/company-logos/256/INTC.png,logos\IntelINTC.png
IntelINTC,,2014,$172.30 B,33.65%,https://companiesmarketcap.com/img/company-logos/256/INTC.png,logos\IntelINTC.png
IntelINTC,,2013,$128.91 B,26.46%,https://companiesmarketcap.com/img/company-logos/256/INTC.png,logos\IntelINTC.png
IntelINTC,,2012,$101.94 B,-17.44%,https://companiesmarketcap.com/img/company-logos/256/INTC.png,logos\IntelINTC.png
IntelINTC,,2011,$123.48 B,6.54%,https://companiesmarketcap.com/img/company-logos/256/INTC.png,logos\IntelINTC.png
IntelINTC,,2010,$115.89 B,2.86%,https://companiesmarketcap.com/img/company-logos/256/INTC.png,logos\IntelINTC.png
IntelINTC,,2009,$112.66 B,38.18%,https://companiesmarketcap.com/img/company-logos/256/INTC.png,logos\IntelINTC.png
IntelINTC,,2008,$81.53 B,-47.16%,https://companiesmarketcap.com/img/company-logos/256/INTC.png,logos\IntelINTC.png
IntelINTC,,2007,$154.30 B,32.13%,https://companiesmarketcap.com/img/company-logos/256/INTC.png,logos\IntelINTC.png
IntelINTC,,2006,$116.78 B,-20.95%,https://companiesmarketcap.com/img/company-logos/256/INTC.png,logos\IntelINTC.png
IntelINTC,,2005,$147.73 B,1.01%,https://companiesmarketcap.com/img/company-logos/256/INTC.png,logos\IntelINTC.png
IntelINTC,,2004,$146.25 B,-29.65%,https://companiesmarketcap.com/img/company-logos/256/INTC.png,logos\IntelINTC.png
IntelINTC,,2003,$207.90 B,103.09%,https://companiesmarketcap.com/img/company-logos/256/INTC.png,logos\IntelINTC.png
IntelINTC,,2002,$102.37 B,-51.34%,https://companiesmarketcap.com/img/company-logos/256/INTC.png,logos\IntelINTC.png
IntelINTC,,2001,$210.40 B,4.13%,https://companiesmarketcap.com/img/company-logos/256/INTC.png,logos\IntelINTC.png
IntelINTC,,2000,$202.05 B,-26.37%,https://companiesmarketcap.com/img/company-logos/256/INTC.png,logos\IntelINTC.png
IntelINTC,,1999,$274.43 B,39.65%,https://companiesmarketcap.com/img/company-logos/256/INTC.png,logos\IntelINTC.png
IntelINTC,,1998,$196.51 B,71.83%,https://companiesmarketcap.com/img/company-logos/256/INTC.png,logos\IntelINTC.png
IntelINTC,,1997,$114.37 B,6.39%,https://companiesmarketcap.com/img/company-logos/256/INTC.png,logos\IntelINTC.png
IntelINTC,,1996,$107.50 B,,https://companiesmarketcap.com/img/company-logos/256/INTC.png,logos\IntelINTC.png
CXMT688825.SS,,2026,$601.65 B,,https://companiesmarketcap.com/img/company-logos/256/688825.SS.png,logos\CXMT688825.SS.png
TencentTCEHY,,2026,$504.49 B,-28.5%,https://companiesmarketcap.com/img/company-logos/256/TCEHY.png,logos\TencentTCEHY.png
TencentTCEHY,,2025,$705.58 B,44.07%,https://companiesmarketcap.com/img/company-logos/256/TCEHY.png,logos\TencentTCEHY.png
TencentTCEHY,,2024,$489.75 B,36.45%,https://companiesmarketcap.com/img/company-logos/256/TCEHY.png,logos\TencentTCEHY.png
TencentTCEHY,,2023,$358.92 B,-11.4%,https://companiesmarketcap.com/img/company-logos/256/TCEHY.png,logos\TencentTCEHY.png
TencentTCEHY,,2022,$405.09 B,-28.03%,https://companiesmarketcap.com/img/company-logos/256/TCEHY.png,logos\TencentTCEHY.png
TencentTCEHY,,2021,$562.84 B,-19.57%,https://companiesmarketcap.com/img/company-logos/256/TCEHY.png,logos\TencentTCEHY.png
TencentTCEHY,,2020,$699.78 B,51.91%,https://companiesmarketcap.com/img/company-logos/256/TCEHY.png,logos\TencentTCEHY.png
TencentTCEHY,,2019,$460.66 B,20.7%,https://companiesmarketcap.com/img/company-logos/256/TCEHY.png,logos\TencentTCEHY.png
TencentTCEHY,,2018,$381.65 B,-22.63%,https://companiesmarketcap.com/img/company-logos/256/TCEHY.png,logos\TencentTCEHY.png
TencentTCEHY,,2017,$493.31 B,114.48%,https://companiesmarketcap.com/img/company-logos/256/TCEHY.png,logos\TencentTCEHY.png
TencentTCEHY,,2016,$230.00 B,24.34%,https://companiesmarketcap.com/img/company-logos/256/TCEHY.png,logos\TencentTCEHY.png
TencentTCEHY,,2015,$184.98 B,36.12%,https://companiesmarketcap.com/img/company-logos/256/TCEHY.png,logos\TencentTCEHY.png
TencentTCEHY,,2014,$135.89 B,14.44%,https://companiesmarketcap.com/img/company-logos/256/TCEHY.png,logos\TencentTCEHY.png
TencentTCEHY,,2013,$118.75 B,99.48%,https://companiesmarketcap.com/img/company-logos/256/TCEHY.png,logos\TencentTCEHY.png
TencentTCEHY,,2012,$59.53 B,725.03%,https://companiesmarketcap.com/img/company-logos/256/TCEHY.png,logos\TencentTCEHY.png
TencentTCEHY,,2011,$7.21 B,-7.46%,https://companiesmarketcap.com/img/company-logos/256/TCEHY.png,logos\TencentTCEHY.png
TencentTCEHY,,2010,$7.79 B,,https://companiesmarketcap.com/img/company-logos/256/TCEHY.png,logos\TencentTCEHY.png
TencentTCEHY,,2007,$2.75 B,,https://companiesmarketcap.com/img/company-logos/256/TCEHY.png,logos\TencentTCEHY.png
MastercardMA,,2026,$497.26 B,-5.1%,https://companiesmarketcap.com/img/company-logos/256/MA.png,logos\MastercardMA.png
MastercardMA,,2025,$523.96 B,7.27%,https://companiesmarketcap.com/img/company-logos/256/MA.png,logos\MastercardMA.png
MastercardMA,,2024,$488.46 B,22.13%,https://companiesmarketcap.com/img/company-logos/256/MA.png,logos\MastercardMA.png
MastercardMA,,2023,$399.97 B,19.63%,https://companiesmarketcap.com/img/company-logos/256/MA.png,logos\MastercardMA.png
MastercardMA,,2022,$334.32 B,-5.04%,https://companiesmarketcap.com/img/company-logos/256/MA.png,logos\MastercardMA.png
MastercardMA,,2021,$352.07 B,-1.06%,https://companiesmarketcap.com/img/company-logos/256/MA.png,logos\MastercardMA.png
MastercardMA,,2020,$355.84 B,18.35%,https://companiesmarketcap.com/img/company-logos/256/MA.png,logos\MastercardMA.png
MastercardMA,,2019,$300.68 B,54.59%,https://companiesmarketcap.com/img/company-logos/256/MA.png,logos\MastercardMA.png
MastercardMA,,2018,$194.49 B,21.38%,https://companiesmarketcap.com/img/company-logos/256/MA.png,logos\MastercardMA.png
MastercardMA,,2017,$160.23 B,42.43%,https://companiesmarketcap.com/img/company-logos/256/MA.png,logos\MastercardMA.png
MastercardMA,,2016,$112.50 B,3.54%,https://companiesmarketcap.com/img/company-logos/256/MA.png,logos\MastercardMA.png
MastercardMA,,2015,$108.65 B,9.41%,https://companiesmarketcap.com/img/company-logos/256/MA.png,logos\MastercardMA.png
MastercardMA,,2014,$99.30 B,-25.82%,https://companiesmarketcap.com/img/company-logos/256/MA.png,logos\MastercardMA.png
MastercardMA,,2013,$133.86 B,121.1%,https://companiesmarketcap.com/img/company-logos/256/MA.png,logos\MastercardMA.png
MastercardMA,,2012,$60.54 B,27.94%,https://companiesmarketcap.com/img/company-logos/256/MA.png,logos\MastercardMA.png
MastercardMA,,2011,$47.32 B,61.32%,https://companiesmarketcap.com/img/company-logos/256/MA.png,logos\MastercardMA.png
MastercardMA,,2010,$29.33 B,-11.69%,https://companiesmarketcap.com/img/company-logos/256/MA.png,logos\MastercardMA.png
MastercardMA,,2009,$33.21 B,79.84%,https://companiesmarketcap.com/img/company-logos/256/MA.png,logos\MastercardMA.png
MastercardMA,,2008,$18.47 B,-34.61%,https://companiesmarketcap.com/img/company-logos/256/MA.png,logos\MastercardMA.png
MastercardMA,,2007,$28.24 B,112.51%,https://companiesmarketcap.com/img/company-logos/256/MA.png,logos\MastercardMA.png
MastercardMA,,2006,$13.29 B,,https://companiesmarketcap.com/img/company-logos/256/MA.png,logos\MastercardMA.png
AbbVieABBV,,2026,$467.36 B,14.98%,https://companiesmarketcap.com/img/company-logos/256/ABBV.png,logos\AbbVieABBV.png
AbbVieABBV,,2025,$406.46 B,29.21%,https://companiesmarketcap.com/img/company-logos/256/ABBV.png,logos\AbbVieABBV.png
AbbVieABBV,,2024,$314.56 B,14.97%,https://companiesmarketcap.com/img/company-logos/256/ABBV.png,logos\AbbVieABBV.png
AbbVieABBV,,2023,$273.60 B,-4.27%,https://companiesmarketcap.com/img/company-logos/256/ABBV.png,logos\AbbVieABBV.png
AbbVieABBV,,2022,$285.80 B,19.4%,https://companiesmarketcap.com/img/company-logos/256/ABBV.png,logos\AbbVieABBV.png
AbbVieABBV,,2021,$239.37 B,26.54%,https://companiesmarketcap.com/img/company-logos/256/ABBV.png,logos\AbbVieABBV.png
AbbVieABBV,,2020,$189.17 B,44.47%,https://companiesmarketcap.com/img/company-logos/256/ABBV.png,logos\AbbVieABBV.png
AbbVieABBV,,2019,$130.94 B,-3.95%,https://companiesmarketcap.com/img/company-logos/256/ABBV.png,logos\AbbVieABBV.png
AbbVieABBV,,2018,$136.33 B,-11.7%,https://companiesmarketcap.com/img/company-logos/256/ABBV.png,logos\AbbVieABBV.png
AbbVieABBV,,2017,$154.39 B,51.71%,https://companiesmarketcap.com/img/company-logos/256/ABBV.png,logos\AbbVieABBV.png
AbbVieABBV,,2016,$101.76 B,6.7%,https://companiesmarketcap.com/img/company-logos/256/ABBV.png,logos\AbbVieABBV.png
AbbVieABBV,,2015,$95.37 B,-8.42%,https://companiesmarketcap.com/img/company-logos/256/ABBV.png,logos\AbbVieABBV.png
AbbVieABBV,,2014,$104.14 B,24.23%,https://companiesmarketcap.com/img/company-logos/256/ABBV.png,logos\AbbVieABBV.png
AbbVieABBV,,2013,$83.82 B,55.32%,https://companiesmarketcap.com/img/company-logos/256/ABBV.png,logos\AbbVieABBV.png
AbbVieABBV,,2012,$53.97 B,,https://companiesmarketcap.com/img/company-logos/256/ABBV.png,logos\AbbVieABBV.png
OracleORCL,,2026,$449.20 B,-21.03%,https://companiesmarketcap.com/img/company-logos/256/ORCL.png,logos\OracleORCL.png
OracleORCL,,2025,$568.85 B,20.37%,https://companiesmarketcap.com/img/company-logos/256/ORCL.png,logos\OracleORCL.png
OracleORCL,,2024,$472.57 B,63.06%,https://companiesmarketcap.com/img/company-logos/256/ORCL.png,logos\OracleORCL.png
OracleORCL,,2023,$289.81 B,31.5%,https://companiesmarketcap.com/img/company-logos/256/ORCL.png,logos\OracleORCL.png
OracleORCL,,2022,$220.39 B,-5.37%,https://companiesmarketcap.com/img/company-logos/256/ORCL.png,logos\OracleORCL.png
OracleORCL,,2021,$232.88 B,22.28%,https://companiesmarketcap.com/img/company-logos/256/ORCL.png,logos\OracleORCL.png
OracleORCL,,2020,$190.44 B,12.07%,https://companiesmarketcap.com/img/company-logos/256/ORCL.png,logos\OracleORCL.png
OracleORCL,,2019,$169.94 B,4.88%,https://companiesmarketcap.com/img/company-logos/256/ORCL.png,logos\OracleORCL.png
OracleORCL,,2018,$162.03 B,-17.21%,https://companiesmarketcap.com/img/company-logos/256/ORCL.png,logos\OracleORCL.png
OracleORCL,,2017,$195.72 B,24.08%,https://companiesmarketcap.com/img/company-logos/256/ORCL.png,logos\OracleORCL.png
OracleORCL,,2016,$157.73 B,2.78%,https://companiesmarketcap.com/img/company-logos/256/ORCL.png,logos\OracleORCL.png
OracleORCL,,2015,$153.47 B,-22.29%,https://companiesmarketcap.com/img/company-logos/256/ORCL.png,logos\OracleORCL.png
OracleORCL,,2014,$197.47 B,14.77%,https://companiesmarketcap.com/img/company-logos/256/ORCL.png,logos\OracleORCL.png
OracleORCL,,2013,$172.07 B,9.08%,https://companiesmarketcap.com/img/company-logos/256/ORCL.png,logos\OracleORCL.png
OracleORCL,,2012,$157.74 B,22.37%,https://companiesmarketcap.com/img/company-logos/256/ORCL.png,logos\OracleORCL.png
OracleORCL,,2011,$128.91 B,-18.48%,https://companiesmarketcap.com/img/company-logos/256/ORCL.png,logos\OracleORCL.png
OracleORCL,,2010,$158.14 B,28.65%,https://companiesmarketcap.com/img/company-logos/256/ORCL.png,logos\OracleORCL.png
OracleORCL,,2009,$122.92 B,37.39%,https://companiesmarketcap.com/img/company-logos/256/ORCL.png,logos\OracleORCL.png
OracleORCL,,2008,$89.46 B,-22.86%,https://companiesmarketcap.com/img/company-logos/256/ORCL.png,logos\OracleORCL.png
OracleORCL,,2007,$115.98 B,30.58%,https://companiesmarketcap.com/img/company-logos/256/ORCL.png,logos\OracleORCL.png
OracleORCL,,2006,$88.82 B,40.93%,https://companiesmarketcap.com/img/company-logos/256/ORCL.png,logos\OracleORCL.png
OracleORCL,,2005,$63.02 B,-12.08%,https://companiesmarketcap.com/img/company-logos/256/ORCL.png,logos\OracleORCL.png
OracleORCL,,2004,$71.68 B,3.65%,https://companiesmarketcap.com/img/company-logos/256/ORCL.png,logos\OracleORCL.png
OracleORCL,,2003,$69.16 B,21.53%,https://companiesmarketcap.com/img/company-logos/256/ORCL.png,logos\OracleORCL.png
OracleORCL,,2002,$56.90 B,-25.04%,https://companiesmarketcap.com/img/company-logos/256/ORCL.png,logos\OracleORCL.png
OracleORCL,,2001,$75.91 B,-53.24%,https://companiesmarketcap.com/img/company-logos/256/ORCL.png,logos\OracleORCL.png
OracleORCL,,2000,$162.34 B,2.69%,https://companiesmarketcap.com/img/company-logos/256/ORCL.png,logos\OracleORCL.png
OracleORCL,,1999,$158.09 B,282.15%,https://companiesmarketcap.com/img/company-logos/256/ORCL.png,logos\OracleORCL.png
OracleORCL,,1998,$41.36 B,88.53%,https://companiesmarketcap.com/img/company-logos/256/ORCL.png,logos\OracleORCL.png
OracleORCL,,1997,$21.94 B,-20.03%,https://companiesmarketcap.com/img/company-logos/256/ORCL.png,logos\OracleORCL.png
OracleORCL,,1996,$27.44 B,,https://companiesmarketcap.com/img/company-logos/256/ORCL.png,logos\OracleORCL.png
PalantirPLTR,,2026,$439.97 B,-2.18%,https://companiesmarketcap.com/img/company-logos/256/PLTR.png,logos\PalantirPLTR.png
PalantirPLTR,,2025,$449.77 B,149.67%,https://companiesmarketcap.com/img/company-logos/256/PLTR.png,logos\PalantirPLTR.png
PalantirPLTR,,2024,$180.14 B,382.17%,https://companiesmarketcap.com/img/company-logos/256/PLTR.png,logos\PalantirPLTR.png
PalantirPLTR,,2023,$37.36 B,179.76%,https://companiesmarketcap.com/img/company-logos/256/PLTR.png,logos\PalantirPLTR.png
PalantirPLTR,,2022,$13.35 B,-63.42%,https://companiesmarketcap.com/img/company-logos/256/PLTR.png,logos\PalantirPLTR.png
PalantirPLTR,,2021,$36.50 B,-17.45%,https://companiesmarketcap.com/img/company-logos/256/PLTR.png,logos\PalantirPLTR.png
PalantirPLTR,,2020,$44.22 B,,https://companiesmarketcap.com/img/company-logos/256/PLTR.png,logos\PalantirPLTR.png
CiscoCSCO,,2026,$439.44 B,42.3%,https://companiesmarketcap.com/img/company-logos/256/CSCO.png,logos\CiscoCSCO.png
CiscoCSCO,,2025,$308.81 B,30.08%,https://companiesmarketcap.com/img/company-logos/256/CSCO.png,logos\CiscoCSCO.png
CiscoCSCO,,2024,$237.41 B,15.65%,https://companiesmarketcap.com/img/company-logos/256/CSCO.png,logos\CiscoCSCO.png
CiscoCSCO,,2023,$205.28 B,4.89%,https://companiesmarketcap.com/img/company-logos/256/CSCO.png,logos\CiscoCSCO.png
CiscoCSCO,,2022,$195.70 B,-26.77%,https://companiesmarketcap.com/img/company-logos/256/CSCO.png,logos\CiscoCSCO.png
CiscoCSCO,,2021,$267.26 B,41.34%,https://companiesmarketcap.com/img/company-logos/256/CSCO.png,logos\CiscoCSCO.png
CiscoCSCO,,2020,$189.09 B,-7.06%,https://companiesmarketcap.com/img/company-logos/256/CSCO.png,logos\CiscoCSCO.png
CiscoCSCO,,2019,$203.45 B,4.44%,https://companiesmarketcap.com/img/company-logos/256/CSCO.png,logos\CiscoCSCO.png
CiscoCSCO,,2018,$194.81 B,2.89%,https://companiesmarketcap.com/img/company-logos/256/CSCO.png,logos\CiscoCSCO.png
CiscoCSCO,,2017,$189.34 B,24.81%,https://companiesmarketcap.com/img/company-logos/256/CSCO.png,logos\CiscoCSCO.png
CiscoCSCO,,2016,$151.69 B,10.05%,https://companiesmarketcap.com/img/company-logos/256/CSCO.png,logos\CiscoCSCO.png
CiscoCSCO,,2015,$137.84 B,-3.09%,https://companiesmarketcap.com/img/company-logos/256/CSCO.png,logos\CiscoCSCO.png
CiscoCSCO,,2014,$142.23 B,18.6%,https://companiesmarketcap.com/img/company-logos/256/CSCO.png,logos\CiscoCSCO.png
CiscoCSCO,,2013,$119.92 B,14.95%,https://companiesmarketcap.com/img/company-logos/256/CSCO.png,logos\CiscoCSCO.png
CiscoCSCO,,2012,$104.32 B,7.33%,https://companiesmarketcap.com/img/company-logos/256/CSCO.png,logos\CiscoCSCO.png
CiscoCSCO,,2011,$97.19 B,-13.32%,https://companiesmarketcap.com/img/company-logos/256/CSCO.png,logos\CiscoCSCO.png
CiscoCSCO,,2010,$112.13 B,-18.58%,https://companiesmarketcap.com/img/company-logos/256/CSCO.png,logos\CiscoCSCO.png
CiscoCSCO,,2009,$137.71 B,44.3%,https://companiesmarketcap.com/img/company-logos/256/CSCO.png,logos\CiscoCSCO.png
CiscoCSCO,,2008,$95.43 B,-41.89%,https://companiesmarketcap.com/img/company-logos/256/CSCO.png,logos\CiscoCSCO.png
CiscoCSCO,,2007,$164.23 B,-1.05%,https://companiesmarketcap.com/img/company-logos/256/CSCO.png,logos\CiscoCSCO.png
CiscoCSCO,,2006,$165.96 B,57.82%,https://companiesmarketcap.com/img/company-logos/256/CSCO.png,logos\CiscoCSCO.png
CiscoCSCO,,2005,$105.16 B,-17.34%,https://companiesmarketcap.com/img/company-logos/256/CSCO.png,logos\CiscoCSCO.png
CiscoCSCO,,2004,$127.21 B,-23.94%,https://companiesmarketcap.com/img/company-logos/256/CSCO.png,logos\CiscoCSCO.png
CiscoCSCO,,2003,$167.26 B,75.78%,https://companiesmarketcap.com/img/company-logos/256/CSCO.png,logos\CiscoCSCO.png
CiscoCSCO,,2002,$95.15 B,-28.37%,https://companiesmarketcap.com/img/company-logos/256/CSCO.png,logos\CiscoCSCO.png
CiscoCSCO,,2001,$132.83 B,-51.75%,https://companiesmarketcap.com/img/company-logos/256/CSCO.png,logos\CiscoCSCO.png
CiscoCSCO,,2000,$275.29 B,-22.48%,https://companiesmarketcap.com/img/company-logos/256/CSCO.png,logos\CiscoCSCO.png
CiscoCSCO,,1999,$355.12 B,143.24%,https://companiesmarketcap.com/img/company-logos/256/CSCO.png,logos\CiscoCSCO.png
CiscoCSCO,,1998,$145.99 B,160.53%,https://companiesmarketcap.com/img/company-logos/256/CSCO.png,logos\CiscoCSCO.png
CiscoCSCO,,1997,$56.03 B,34.33%,https://companiesmarketcap.com/img/company-logos/256/CSCO.png,logos\CiscoCSCO.png
CiscoCSCO,,1996,$41.71 B,,https://companiesmarketcap.com/img/company-logos/256/CSCO.png,logos\CiscoCSCO.png
China Construction,Bank601939.SS,2026,$427.09 B,25.83%,https://companiesmarketcap.com/img/company-logos/256/601939.SS.png,logos\Bank601939.SS.png
China Construction,Bank601939.SS,2025,$339.42 B,60.24%,https://companiesmarketcap.com/img/company-logos/256/601939.SS.png,logos\Bank601939.SS.png
China Construction,Bank601939.SS,2024,$211.81 B,39.22%,https://companiesmarketcap.com/img/company-logos/256/601939.SS.png,logos\Bank601939.SS.png
China Construction,Bank601939.SS,2023,$152.14 B,-3.69%,https://companiesmarketcap.com/img/company-logos/256/601939.SS.png,logos\Bank601939.SS.png
China Construction,Bank601939.SS,2022,$157.96 B,-9.92%,https://companiesmarketcap.com/img/company-logos/256/601939.SS.png,logos\Bank601939.SS.png
China Construction,Bank601939.SS,2021,$175.35 B,-8.77%,https://companiesmarketcap.com/img/company-logos/256/601939.SS.png,logos\Bank601939.SS.png
China Construction,Bank601939.SS,2020,$192.21 B,-11.83%,https://companiesmarketcap.com/img/company-logos/256/601939.SS.png,logos\Bank601939.SS.png
China Construction,Bank601939.SS,2019,$217.99 B,5.2%,https://companiesmarketcap.com/img/company-logos/256/601939.SS.png,logos\Bank601939.SS.png
China Construction,Bank601939.SS,2018,$207.22 B,-10.97%,https://companiesmarketcap.com/img/company-logos/256/601939.SS.png,logos\Bank601939.SS.png
China Construction,Bank601939.SS,2017,$232.75 B,20.87%,https://companiesmarketcap.com/img/company-logos/256/601939.SS.png,logos\Bank601939.SS.png
China Construction,Bank601939.SS,2016,$192.56 B,10.99%,https://companiesmarketcap.com/img/company-logos/256/601939.SS.png,logos\Bank601939.SS.png
China Construction,Bank601939.SS,2015,$173.49 B,-16.67%,https://companiesmarketcap.com/img/company-logos/256/601939.SS.png,logos\Bank601939.SS.png
China Construction,Bank601939.SS,2014,$208.20 B,10.65%,https://companiesmarketcap.com/img/company-logos/256/601939.SS.png,logos\Bank601939.SS.png
China Construction,Bank601939.SS,2013,$188.16 B,-6.01%,https://companiesmarketcap.com/img/company-logos/256/601939.SS.png,logos\Bank601939.SS.png
China Construction,Bank601939.SS,2012,$200.20 B,14.35%,https://companiesmarketcap.com/img/company-logos/256/601939.SS.png,logos\Bank601939.SS.png
China Construction,Bank601939.SS,2011,$175.07 B,-21.36%,https://companiesmarketcap.com/img/company-logos/256/601939.SS.png,logos\Bank601939.SS.png
China Construction,Bank601939.SS,2010,$222.62 B,10.58%,https://companiesmarketcap.com/img/company-logos/256/601939.SS.png,logos\Bank601939.SS.png
China Construction,Bank601939.SS,2009,$201.33 B,56.72%,https://companiesmarketcap.com/img/company-logos/256/601939.SS.png,logos\Bank601939.SS.png
China Construction,Bank601939.SS,2008,$128.46 B,-36.68%,https://companiesmarketcap.com/img/company-logos/256/601939.SS.png,logos\Bank601939.SS.png
China Construction,Bank601939.SS,2007,$202.89 B,,https://companiesmarketcap.com/img/company-logos/256/601939.SS.png,logos\Bank601939.SS.png
Bank of,AmericaBAC,2026,$405.29 B,-2.58%,https://companiesmarketcap.com/img/company-logos/256/BAC.png,logos\AmericaBAC.png
Bank of,AmericaBAC,2025,$416.04 B,22.29%,https://companiesmarketcap.com/img/company-logos/256/BAC.png,logos\AmericaBAC.png
Bank of,AmericaBAC,2024,$340.21 B,27.68%,https://companiesmarketcap.com/img/company-logos/256/BAC.png,logos\AmericaBAC.png
Bank of,AmericaBAC,2023,$266.45 B,0.28%,https://companiesmarketcap.com/img/company-logos/256/BAC.png,logos\AmericaBAC.png
Bank of,AmericaBAC,2022,$265.70 B,-26.07%,https://companiesmarketcap.com/img/company-logos/256/BAC.png,logos\AmericaBAC.png
Bank of,AmericaBAC,2021,$359.38 B,37.06%,https://companiesmarketcap.com/img/company-logos/256/BAC.png,logos\AmericaBAC.png
Bank of,AmericaBAC,2020,$262.20 B,-15.75%,https://companiesmarketcap.com/img/company-logos/256/BAC.png,logos\AmericaBAC.png
Bank of,AmericaBAC,2019,$311.20 B,30.62%,https://companiesmarketcap.com/img/company-logos/256/BAC.png,logos\AmericaBAC.png
Bank of,AmericaBAC,2018,$238.25 B,-22.62%,https://companiesmarketcap.com/img/company-logos/256/BAC.png,logos\AmericaBAC.png
Bank of,AmericaBAC,2017,$307.91 B,37.88%,https://companiesmarketcap.com/img/company-logos/256/BAC.png,logos\AmericaBAC.png
Bank of,AmericaBAC,2016,$223.32 B,27.83%,https://companiesmarketcap.com/img/company-logos/256/BAC.png,logos\AmericaBAC.png
Bank of,AmericaBAC,2015,$174.69 B,-7.14%,https://companiesmarketcap.com/img/company-logos/256/BAC.png,logos\AmericaBAC.png
Bank of,AmericaBAC,2014,$188.14 B,14.08%,https://companiesmarketcap.com/img/company-logos/256/BAC.png,logos\AmericaBAC.png
Bank of,AmericaBAC,2013,$164.91 B,31.79%,https://companiesmarketcap.com/img/company-logos/256/BAC.png,logos\AmericaBAC.png
Bank of,AmericaBAC,2012,$125.13 B,122.05%,https://companiesmarketcap.com/img/company-logos/256/BAC.png,logos\AmericaBAC.png
Bank of,AmericaBAC,2011,$56.35 B,-58.11%,https://companiesmarketcap.com/img/company-logos/256/BAC.png,logos\AmericaBAC.png
Bank of,AmericaBAC,2010,$134.53 B,3.27%,https://companiesmarketcap.com/img/company-logos/256/BAC.png,logos\AmericaBAC.png
Bank of,AmericaBAC,2009,$130.27 B,84.4%,https://companiesmarketcap.com/img/company-logos/256/BAC.png,logos\AmericaBAC.png
Bank of,AmericaBAC,2008,$70.64 B,-61.46%,https://companiesmarketcap.com/img/company-logos/256/BAC.png,logos\AmericaBAC.png
Bank of,AmericaBAC,2007,$183.28 B,-23.24%,https://companiesmarketcap.com/img/company-logos/256/BAC.png,logos\AmericaBAC.png
Bank of,AmericaBAC,2006,$238.77 B,11.3%,https://companiesmarketcap.com/img/company-logos/256/BAC.png,logos\AmericaBAC.png
Bank of,AmericaBAC,2005,$214.54 B,12.63%,https://companiesmarketcap.com/img/company-logos/256/BAC.png,logos\AmericaBAC.png
Bank of,AmericaBAC,2004,$190.48 B,64.13%,https://companiesmarketcap.com/img/company-logos/256/BAC.png,logos\AmericaBAC.png
Bank of,AmericaBAC,2003,$116.05 B,11.16%,https://companiesmarketcap.com/img/company-logos/256/BAC.png,logos\AmericaBAC.png
Bank of,AmericaBAC,2002,$104.40 B,6.36%,https://companiesmarketcap.com/img/company-logos/256/BAC.png,logos\AmericaBAC.png
Bank of,AmericaBAC,2001,$98.15 B,32.6%,https://companiesmarketcap.com/img/company-logos/256/BAC.png,logos\AmericaBAC.png
Bank of,AmericaBAC,2000,$74.02 B,-12.06%,https://companiesmarketcap.com/img/company-logos/256/BAC.png,logos\AmericaBAC.png
Bank of,AmericaBAC,1999,$84.17 B,-18.81%,https://companiesmarketcap.com/img/company-logos/256/BAC.png,logos\AmericaBAC.png
Bank of,AmericaBAC,1998,$103.68 B,139.4%,https://companiesmarketcap.com/img/company-logos/256/BAC.png,logos\AmericaBAC.png
Bank of,AmericaBAC,1997,$43.31 B,47.16%,https://companiesmarketcap.com/img/company-logos/256/BAC.png,logos\AmericaBAC.png
Bank of,AmericaBAC,1996,$29.43 B,,https://companiesmarketcap.com/img/company-logos/256/BAC.png,logos\AmericaBAC.png
ChevronCVX,,2026,$399.51 B,32.18%,https://companiesmarketcap.com/img/company-logos/256/CVX.png,logos\ChevronCVX.png
ChevronCVX,,2025,$302.26 B,17.73%,https://companiesmarketcap.com/img/company-logos/256/CVX.png,logos\ChevronCVX.png
ChevronCVX,,2024,$256.74 B,-8.82%,https://companiesmarketcap.com/img/company-logos/256/CVX.png,logos\ChevronCVX.png
ChevronCVX,,2023,$281.57 B,-18.87%,https://companiesmarketcap.com/img/company-logos/256/CVX.png,logos\ChevronCVX.png
ChevronCVX,,2022,$347.06 B,53.43%,https://companiesmarketcap.com/img/company-logos/256/CVX.png,logos\ChevronCVX.png
ChevronCVX,,2021,$226.21 B,39.15%,https://companiesmarketcap.com/img/company-logos/256/CVX.png,logos\ChevronCVX.png
ChevronCVX,,2020,$162.56 B,-28.33%,https://companiesmarketcap.com/img/company-logos/256/CVX.png,logos\ChevronCVX.png
ChevronCVX,,2019,$226.82 B,9.57%,https://companiesmarketcap.com/img/company-logos/256/CVX.png,logos\ChevronCVX.png
ChevronCVX,,2018,$207.00 B,-12.94%,https://companiesmarketcap.com/img/company-logos/256/CVX.png,logos\ChevronCVX.png
ChevronCVX,,2017,$237.78 B,7.02%,https://companiesmarketcap.com/img/company-logos/256/CVX.png,logos\ChevronCVX.png
ChevronCVX,,2016,$222.19 B,31.18%,https://companiesmarketcap.com/img/company-logos/256/CVX.png,logos\ChevronCVX.png
ChevronCVX,,2015,$169.37 B,-19.67%,https://companiesmarketcap.com/img/company-logos/256/CVX.png,logos\ChevronCVX.png
ChevronCVX,,2014,$210.85 B,-11.78%,https://companiesmarketcap.com/img/company-logos/256/CVX.png,logos\ChevronCVX.png
ChevronCVX,,2013,$239.02 B,13.54%,https://companiesmarketcap.com/img/company-logos/256/CVX.png,logos\ChevronCVX.png
ChevronCVX,,2012,$210.51 B,-0.65%,https://companiesmarketcap.com/img/company-logos/256/CVX.png,logos\ChevronCVX.png
ChevronCVX,,2011,$211.89 B,15.67%,https://companiesmarketcap.com/img/company-logos/256/CVX.png,logos\ChevronCVX.png
ChevronCVX,,2010,$183.18 B,18.51%,https://companiesmarketcap.com/img/company-logos/256/CVX.png,logos\ChevronCVX.png
ChevronCVX,,2009,$154.57 B,4.26%,https://companiesmarketcap.com/img/company-logos/256/CVX.png,logos\ChevronCVX.png
ChevronCVX,,2008,$148.25 B,-24.01%,https://companiesmarketcap.com/img/company-logos/256/CVX.png,logos\ChevronCVX.png
ChevronCVX,,2007,$195.10 B,22.58%,https://companiesmarketcap.com/img/company-logos/256/CVX.png,logos\ChevronCVX.png
ChevronCVX,,2006,$159.15 B,25.57%,https://companiesmarketcap.com/img/company-logos/256/CVX.png,logos\ChevronCVX.png
ChevronCVX,,2005,$126.74 B,14.56%,https://companiesmarketcap.com/img/company-logos/256/CVX.png,logos\ChevronCVX.png
ChevronCVX,,2004,$110.64 B,18.97%,https://companiesmarketcap.com/img/company-logos/256/CVX.png,logos\ChevronCVX.png
ChevronCVX,,2003,$93.00 B,117.75%,https://companiesmarketcap.com/img/company-logos/256/CVX.png,logos\ChevronCVX.png
ChevronCVX,,2002,$42.71 B,-25.81%,https://companiesmarketcap.com/img/company-logos/256/CVX.png,logos\ChevronCVX.png
ChevronCVX,,2001,$57.57 B,6.24%,https://companiesmarketcap.com/img/company-logos/256/CVX.png,logos\ChevronCVX.png
ChevronCVX,,2000,$54.19 B,-4.67%,https://companiesmarketcap.com/img/company-logos/256/CVX.png,logos\ChevronCVX.png
ChevronCVX,,1999,$56.84 B,5.06%,https://companiesmarketcap.com/img/company-logos/256/CVX.png,logos\ChevronCVX.png
ChevronCVX,,1998,$54.11 B,7.01%,https://companiesmarketcap.com/img/company-logos/256/CVX.png,logos\ChevronCVX.png
ChevronCVX,,1997,$50.56 B,19.25%,https://companiesmarketcap.com/img/company-logos/256/CVX.png,logos\ChevronCVX.png
ChevronCVX,,1996,$42.40 B,,https://companiesmarketcap.com/img/company-logos/256/CVX.png,logos\ChevronCVX.png
CostcoCOST,,2026,$398.45 B,2.77%,https://companiesmarketcap.com/img/company-logos/256/COST.png,logos\CostcoCOST.png
CostcoCOST,,2025,$387.73 B,-7.05%,https://companiesmarketcap.com/img/company-logos/256/COST.png,logos\CostcoCOST.png
CostcoCOST,,2024,$417.13 B,42.42%,https://companiesmarketcap.com/img/company-logos/256/COST.png,logos\CostcoCOST.png
CostcoCOST,,2023,$292.89 B,44.56%,https://companiesmarketcap.com/img/company-logos/256/COST.png,logos\CostcoCOST.png
CostcoCOST,,2022,$202.61 B,-19.51%,https://companiesmarketcap.com/img/company-logos/256/COST.png,logos\CostcoCOST.png
CostcoCOST,,2021,$251.73 B,50.83%,https://companiesmarketcap.com/img/company-logos/256/COST.png,logos\CostcoCOST.png
CostcoCOST,,2020,$166.89 B,28.54%,https://companiesmarketcap.com/img/company-logos/256/COST.png,logos\CostcoCOST.png
CostcoCOST,,2019,$129.84 B,44.7%,https://companiesmarketcap.com/img/company-logos/256/COST.png,logos\CostcoCOST.png
CostcoCOST,,2018,$89.73 B,9.8%,https://companiesmarketcap.com/img/company-logos/256/COST.png,logos\CostcoCOST.png
CostcoCOST,,2017,$81.72 B,16.21%,https://companiesmarketcap.com/img/company-logos/256/COST.png,logos\CostcoCOST.png
CostcoCOST,,2016,$70.32 B,-0.98%,https://companiesmarketcap.com/img/company-logos/256/COST.png,logos\CostcoCOST.png
CostcoCOST,,2015,$71.02 B,13.74%,https://companiesmarketcap.com/img/company-logos/256/COST.png,logos\CostcoCOST.png
CostcoCOST,,2014,$62.44 B,19.31%,https://companiesmarketcap.com/img/company-logos/256/COST.png,logos\CostcoCOST.png
CostcoCOST,,2013,$52.33 B,21.68%,https://companiesmarketcap.com/img/company-logos/256/COST.png,logos\CostcoCOST.png
CostcoCOST,,2012,$43.01 B,18.69%,https://companiesmarketcap.com/img/company-logos/256/COST.png,logos\CostcoCOST.png
CostcoCOST,,2011,$36.23 B,14.96%,https://companiesmarketcap.com/img/company-logos/256/COST.png,logos\CostcoCOST.png
CostcoCOST,,2010,$31.52 B,21.26%,https://companiesmarketcap.com/img/company-logos/256/COST.png,logos\CostcoCOST.png
CostcoCOST,,2009,$25.99 B,14.29%,https://companiesmarketcap.com/img/company-logos/256/COST.png,logos\CostcoCOST.png
CostcoCOST,,2008,$22.74 B,-25%,https://companiesmarketcap.com/img/company-logos/256/COST.png,logos\CostcoCOST.png
CostcoCOST,,2007,$30.32 B,26.82%,https://companiesmarketcap.com/img/company-logos/256/COST.png,logos\CostcoCOST.png
CostcoCOST,,2006,$23.91 B,2.16%,https://companiesmarketcap.com/img/company-logos/256/COST.png,logos\CostcoCOST.png
CostcoCOST,,2005,$23.40 B,2.36%,https://companiesmarketcap.com/img/company-logos/256/COST.png,logos\CostcoCOST.png
CostcoCOST,,2004,$22.86 B,34.27%,https://companiesmarketcap.com/img/company-logos/256/COST.png,logos\CostcoCOST.png
CostcoCOST,,2003,$17.03 B,33.16%,https://companiesmarketcap.com/img/company-logos/256/COST.png,logos\CostcoCOST.png
CostcoCOST,,2002,$12.78 B,-36.3%,https://companiesmarketcap.com/img/company-logos/256/COST.png,logos\CostcoCOST.png
CostcoCOST,,2001,$20.07 B,12.19%,https://companiesmarketcap.com/img/company-logos/256/COST.png,logos\CostcoCOST.png
CostcoCOST,,2000,$17.89 B,-11.73%,https://companiesmarketcap.com/img/company-logos/256/COST.png,logos\CostcoCOST.png
CostcoCOST,,1999,$20.27 B,28.7%,https://companiesmarketcap.com/img/company-logos/256/COST.png,logos\CostcoCOST.png
CostcoCOST,,1998,$15.75 B,64.74%,https://companiesmarketcap.com/img/company-logos/256/COST.png,logos\CostcoCOST.png
CostcoCOST,,1997,$9.56 B,93.52%,https://companiesmarketcap.com/img/company-logos/256/COST.png,logos\CostcoCOST.png
CostcoCOST,,1996,$4.94 B,,https://companiesmarketcap.com/img/company-logos/256/COST.png,logos\CostcoCOST.png
Lam,ResearchLRCX,2026,$378.24 B,68.45%,https://companiesmarketcap.com/img/company-logos/256/LRCX.png,logos\ResearchLRCX.png
Lam,ResearchLRCX,2025,$224.55 B,137.76%,https://companiesmarketcap.com/img/company-logos/256/LRCX.png,logos\ResearchLRCX.png
Lam,ResearchLRCX,2024,$94.44 B,-8.51%,https://companiesmarketcap.com/img/company-logos/256/LRCX.png,logos\ResearchLRCX.png
Lam,ResearchLRCX,2023,$103.22 B,80.09%,https://companiesmarketcap.com/img/company-logos/256/LRCX.png,logos\ResearchLRCX.png
Lam,ResearchLRCX,2022,$57.32 B,-43.18%,https://companiesmarketcap.com/img/company-logos/256/LRCX.png,logos\ResearchLRCX.png
Lam,ResearchLRCX,2021,$100.87 B,48.33%,https://companiesmarketcap.com/img/company-logos/256/LRCX.png,logos\ResearchLRCX.png
Lam,ResearchLRCX,2020,$68.01 B,63.27%,https://companiesmarketcap.com/img/company-logos/256/LRCX.png,logos\ResearchLRCX.png
Lam,ResearchLRCX,2019,$41.65 B,98.69%,https://companiesmarketcap.com/img/company-logos/256/LRCX.png,logos\ResearchLRCX.png
Lam,ResearchLRCX,2018,$20.96 B,-28.57%,https://companiesmarketcap.com/img/company-logos/256/LRCX.png,logos\ResearchLRCX.png
Lam,ResearchLRCX,2017,$29.35 B,70.98%,https://companiesmarketcap.com/img/company-logos/256/LRCX.png,logos\ResearchLRCX.png
Lam,ResearchLRCX,2016,$17.16 B,36.31%,https://companiesmarketcap.com/img/company-logos/256/LRCX.png,logos\ResearchLRCX.png
Lam,ResearchLRCX,2015,$12.59 B,-0.36%,https://companiesmarketcap.com/img/company-logos/256/LRCX.png,logos\ResearchLRCX.png
Lam,ResearchLRCX,2014,$12.63 B,43.13%,https://companiesmarketcap.com/img/company-logos/256/LRCX.png,logos\ResearchLRCX.png
Lam,ResearchLRCX,2013,$8.83 B,47.36%,https://companiesmarketcap.com/img/company-logos/256/LRCX.png,logos\ResearchLRCX.png
Lam,ResearchLRCX,2012,$5.99 B,35.4%,https://companiesmarketcap.com/img/company-logos/256/LRCX.png,logos\ResearchLRCX.png
Lam,ResearchLRCX,2011,$4.42 B,-30.66%,https://companiesmarketcap.com/img/company-logos/256/LRCX.png,logos\ResearchLRCX.png
Lam,ResearchLRCX,2010,$6.38 B,27.73%,https://companiesmarketcap.com/img/company-logos/256/LRCX.png,logos\ResearchLRCX.png
Lam,ResearchLRCX,2009,$4.99 B,87.91%,https://companiesmarketcap.com/img/company-logos/256/LRCX.png,logos\ResearchLRCX.png
Lam,ResearchLRCX,2008,$2.65 B,-50.7%,https://companiesmarketcap.com/img/company-logos/256/LRCX.png,logos\ResearchLRCX.png
Lam,ResearchLRCX,2007,$5.39 B,-25.23%,https://companiesmarketcap.com/img/company-logos/256/LRCX.png,logos\ResearchLRCX.png
Lam,ResearchLRCX,2006,$7.21 B,46.24%,https://companiesmarketcap.com/img/company-logos/256/LRCX.png,logos\ResearchLRCX.png
Lam,ResearchLRCX,2005,$4.93 B,22.87%,https://companiesmarketcap.com/img/company-logos/256/LRCX.png,logos\ResearchLRCX.png
Lam,ResearchLRCX,2004,$4.01 B,-6.16%,https://companiesmarketcap.com/img/company-logos/256/LRCX.png,logos\ResearchLRCX.png
Lam,ResearchLRCX,2003,$4.27 B,215.56%,https://companiesmarketcap.com/img/company-logos/256/LRCX.png,logos\ResearchLRCX.png
Lam,ResearchLRCX,2002,$1.35 B,-53.62%,https://companiesmarketcap.com/img/company-logos/256/LRCX.png,logos\ResearchLRCX.png
Lam,ResearchLRCX,2001,$2.92 B,64.42%,https://companiesmarketcap.com/img/company-logos/256/LRCX.png,logos\ResearchLRCX.png
Lam,ResearchLRCX,2000,$1.77 B,-60.29%,https://companiesmarketcap.com/img/company-logos/256/LRCX.png,logos\ResearchLRCX.png
Lam,ResearchLRCX,1999,$4.47 B,554.32%,https://companiesmarketcap.com/img/company-logos/256/LRCX.png,logos\ResearchLRCX.png
Lam,ResearchLRCX,1998,$0.68 B,-38.43%,https://companiesmarketcap.com/img/company-logos/256/LRCX.png,logos\ResearchLRCX.png
Lam,ResearchLRCX,1997,$1.11 B,29.17%,https://companiesmarketcap.com/img/company-logos/256/LRCX.png,logos\ResearchLRCX.png
Lam,ResearchLRCX,1996,$0.86 B,,https://companiesmarketcap.com/img/company-logos/256/LRCX.png,logos\ResearchLRCX.png
CaterpillarCAT,,2026,$375.32 B,37.42%,https://companiesmarketcap.com/img/company-logos/256/CAT.png,logos\CaterpillarCAT.png
CaterpillarCAT,,2025,$273.12 B,55.05%,https://companiesmarketcap.com/img/company-logos/256/CAT.png,logos\CaterpillarCAT.png
CaterpillarCAT,,2024,$176.15 B,17.03%,https://companiesmarketcap.com/img/company-logos/256/CAT.png,logos\CaterpillarCAT.png
CaterpillarCAT,,2023,$150.52 B,20.74%,https://companiesmarketcap.com/img/company-logos/256/CAT.png,logos\CaterpillarCAT.png
CaterpillarCAT,,2022,$124.66 B,11.48%,https://companiesmarketcap.com/img/company-logos/256/CAT.png,logos\CaterpillarCAT.png
CaterpillarCAT,,2021,$111.83 B,13.1%,https://companiesmarketcap.com/img/company-logos/256/CAT.png,logos\CaterpillarCAT.png
CaterpillarCAT,,2020,$98.88 B,21.72%,https://companiesmarketcap.com/img/company-logos/256/CAT.png,logos\CaterpillarCAT.png
CaterpillarCAT,,2019,$81.23 B,11.08%,https://companiesmarketcap.com/img/company-logos/256/CAT.png,logos\CaterpillarCAT.png
CaterpillarCAT,,2018,$73.13 B,-21.99%,https://companiesmarketcap.com/img/company-logos/256/CAT.png,logos\CaterpillarCAT.png
CaterpillarCAT,,2017,$93.74 B,72.78%,https://companiesmarketcap.com/img/company-logos/256/CAT.png,logos\CaterpillarCAT.png
CaterpillarCAT,,2016,$54.25 B,37.11%,https://companiesmarketcap.com/img/company-logos/256/CAT.png,logos\CaterpillarCAT.png
CaterpillarCAT,,2015,$39.57 B,-28.67%,https://companiesmarketcap.com/img/company-logos/256/CAT.png,logos\CaterpillarCAT.png
CaterpillarCAT,,2014,$55.48 B,-4.21%,https://companiesmarketcap.com/img/company-logos/256/CAT.png,logos\CaterpillarCAT.png
CaterpillarCAT,,2013,$57.92 B,-1.32%,https://companiesmarketcap.com/img/company-logos/256/CAT.png,logos\CaterpillarCAT.png
CaterpillarCAT,,2012,$58.69 B,0.19%,https://companiesmarketcap.com/img/company-logos/256/CAT.png,logos\CaterpillarCAT.png
CaterpillarCAT,,2011,$58.58 B,-2.09%,https://companiesmarketcap.com/img/company-logos/256/CAT.png,logos\CaterpillarCAT.png
CaterpillarCAT,,2010,$59.83 B,68.05%,https://companiesmarketcap.com/img/company-logos/256/CAT.png,logos\CaterpillarCAT.png
CaterpillarCAT,,2009,$35.60 B,32.5%,https://companiesmarketcap.com/img/company-logos/256/CAT.png,logos\CaterpillarCAT.png
CaterpillarCAT,,2008,$26.87 B,-40.65%,https://companiesmarketcap.com/img/company-logos/256/CAT.png,logos\CaterpillarCAT.png
CaterpillarCAT,,2007,$45.27 B,14.31%,https://companiesmarketcap.com/img/company-logos/256/CAT.png,logos\CaterpillarCAT.png
CaterpillarCAT,,2006,$39.60 B,2.2%,https://companiesmarketcap.com/img/company-logos/256/CAT.png,logos\CaterpillarCAT.png
CaterpillarCAT,,2005,$38.75 B,15.9%,https://companiesmarketcap.com/img/company-logos/256/CAT.png,logos\CaterpillarCAT.png
CaterpillarCAT,,2004,$33.43 B,17.17%,https://companiesmarketcap.com/img/company-logos/256/CAT.png,logos\CaterpillarCAT.png
CaterpillarCAT,,2003,$28.53 B,81.32%,https://companiesmarketcap.com/img/company-logos/256/CAT.png,logos\CaterpillarCAT.png
CaterpillarCAT,,2002,$15.73 B,-12.27%,https://companiesmarketcap.com/img/company-logos/256/CAT.png,logos\CaterpillarCAT.png
CaterpillarCAT,,2001,$17.94 B,10.43%,https://companiesmarketcap.com/img/company-logos/256/CAT.png,logos\CaterpillarCAT.png
CaterpillarCAT,,2000,$16.24 B,-2.42%,https://companiesmarketcap.com/img/company-logos/256/CAT.png,logos\CaterpillarCAT.png
CaterpillarCAT,,1999,$16.65 B,1.33%,https://companiesmarketcap.com/img/company-logos/256/CAT.png,logos\CaterpillarCAT.png
CaterpillarCAT,,1998,$16.43 B,-7.94%,https://companiesmarketcap.com/img/company-logos/256/CAT.png,logos\CaterpillarCAT.png
CaterpillarCAT,,1997,$17.84 B,24.6%,https://companiesmarketcap.com/img/company-logos/256/CAT.png,logos\CaterpillarCAT.png
CaterpillarCAT,,1996,$14.32 B,,https://companiesmarketcap.com/img/company-logos/256/CAT.png,logos\CaterpillarCAT.png
Coca-ColaKO,,2026,$374.83 B,24.66%,https://companiesmarketcap.com/img/company-logos/256/KO.png,logos\Coca-ColaKO.png
Coca-ColaKO,,2025,$300.69 B,11.77%,https://companiesmarketcap.com/img/company-logos/256/KO.png,logos\Coca-ColaKO.png
Coca-ColaKO,,2024,$269.02 B,5.59%,https://companiesmarketcap.com/img/company-logos/256/KO.png,logos\Coca-ColaKO.png
Coca-ColaKO,,2023,$254.77 B,-7.38%,https://companiesmarketcap.com/img/company-logos/256/KO.png,logos\Coca-ColaKO.png
Coca-ColaKO,,2022,$275.08 B,7.56%,https://companiesmarketcap.com/img/company-logos/256/KO.png,logos\Coca-ColaKO.png
Coca-ColaKO,,2021,$255.75 B,8.52%,https://companiesmarketcap.com/img/company-logos/256/KO.png,logos\Coca-ColaKO.png
Coca-ColaKO,,2020,$235.67 B,-0.52%,https://companiesmarketcap.com/img/company-logos/256/KO.png,logos\Coca-ColaKO.png
Coca-ColaKO,,2019,$236.89 B,17.22%,https://companiesmarketcap.com/img/company-logos/256/KO.png,logos\Coca-ColaKO.png
Coca-ColaKO,,2018,$202.08 B,3.38%,https://companiesmarketcap.com/img/company-logos/256/KO.png,logos\Coca-ColaKO.png
Coca-ColaKO,,2017,$195.47 B,9.32%,https://companiesmarketcap.com/img/company-logos/256/KO.png,logos\Coca-ColaKO.png
Coca-ColaKO,,2016,$178.81 B,-3.74%,https://companiesmarketcap.com/img/company-logos/256/KO.png,logos\Coca-ColaKO.png
Coca-ColaKO,,2015,$185.75 B,0.77%,https://companiesmarketcap.com/img/company-logos/256/KO.png,logos\Coca-ColaKO.png
Coca-ColaKO,,2014,$184.33 B,1.37%,https://companiesmarketcap.com/img/company-logos/256/KO.png,logos\Coca-ColaKO.png
Coca-ColaKO,,2013,$181.84 B,12.25%,https://companiesmarketcap.com/img/company-logos/256/KO.png,logos\Coca-ColaKO.png
Coca-ColaKO,,2012,$162.00 B,1.94%,https://companiesmarketcap.com/img/company-logos/256/KO.png,logos\Coca-ColaKO.png
Coca-ColaKO,,2011,$158.91 B,5.42%,https://companiesmarketcap.com/img/company-logos/256/KO.png,logos\Coca-ColaKO.png
Coca-ColaKO,,2010,$150.74 B,14.83%,https://companiesmarketcap.com/img/company-logos/256/KO.png,logos\Coca-ColaKO.png
Coca-ColaKO,,2009,$131.27 B,25.34%,https://companiesmarketcap.com/img/company-logos/256/KO.png,logos\Coca-ColaKO.png
Coca-ColaKO,,2008,$104.73 B,-26.38%,https://companiesmarketcap.com/img/company-logos/256/KO.png,logos\Coca-ColaKO.png
Coca-ColaKO,,2007,$142.25 B,27.19%,https://companiesmarketcap.com/img/company-logos/256/KO.png,logos\Coca-ColaKO.png
Coca-ColaKO,,2006,$111.84 B,17.12%,https://companiesmarketcap.com/img/company-logos/256/KO.png,logos\Coca-ColaKO.png
Coca-ColaKO,,2005,$95.49 B,-4.81%,https://companiesmarketcap.com/img/company-logos/256/KO.png,logos\Coca-ColaKO.png
Coca-ColaKO,,2004,$100.32 B,-19.03%,https://companiesmarketcap.com/img/company-logos/256/KO.png,logos\Coca-ColaKO.png
Coca-ColaKO,,2003,$123.90 B,14.38%,https://companiesmarketcap.com/img/company-logos/256/KO.png,logos\Coca-ColaKO.png
Coca-ColaKO,,2002,$108.32 B,-7.59%,https://companiesmarketcap.com/img/company-logos/256/KO.png,logos\Coca-ColaKO.png
Coca-ColaKO,,2001,$117.22 B,-22.58%,https://companiesmarketcap.com/img/company-logos/256/KO.png,logos\Coca-ColaKO.png
Coca-ColaKO,,2000,$151.41 B,5.17%,https://companiesmarketcap.com/img/company-logos/256/KO.png,logos\Coca-ColaKO.png
Coca-ColaKO,,1999,$143.96 B,-12.85%,https://companiesmarketcap.com/img/company-logos/256/KO.png,logos\Coca-ColaKO.png
Coca-ColaKO,,1998,$165.18 B,0.26%,https://companiesmarketcap.com/img/company-logos/256/KO.png,logos\Coca-ColaKO.png
Coca-ColaKO,,1997,$164.76 B,26.19%,https://companiesmarketcap.com/img/company-logos/256/KO.png,logos\Coca-ColaKO.png
Coca-ColaKO,,1996,$130.56 B,,https://companiesmarketcap.com/img/company-logos/256/KO.png,logos\Coca-ColaKO.png
MerckMRK,,2026,$368.84 B,38.29%,https://companiesmarketcap.com/img/company-logos/256/MRK.png,logos\MerckMRK.png
MerckMRK,,2025,$266.71 B,5.75%,https://companiesmarketcap.com/img/company-logos/256/MRK.png,logos\MerckMRK.png
MerckMRK,,2024,$252.20 B,-8.71%,https://companiesmarketcap.com/img/company-logos/256/MRK.png,logos\MerckMRK.png
MerckMRK,,2023,$276.25 B,-1.79%,https://companiesmarketcap.com/img/company-logos/256/MRK.png,logos\MerckMRK.png
MerckMRK,,2022,$281.30 B,45.31%,https://companiesmarketcap.com/img/company-logos/256/MRK.png,logos\MerckMRK.png
MerckMRK,,2021,$193.58 B,-6.46%,https://companiesmarketcap.com/img/company-logos/256/MRK.png,logos\MerckMRK.png
MerckMRK,,2020,$206.95 B,-10.38%,https://companiesmarketcap.com/img/company-logos/256/MRK.png,logos\MerckMRK.png
MerckMRK,,2019,$230.92 B,16.57%,https://companiesmarketcap.com/img/company-logos/256/MRK.png,logos\MerckMRK.png
MerckMRK,,2018,$198.09 B,29.22%,https://companiesmarketcap.com/img/company-logos/256/MRK.png,logos\MerckMRK.png
MerckMRK,,2017,$153.30 B,-5.55%,https://companiesmarketcap.com/img/company-logos/256/MRK.png,logos\MerckMRK.png
MerckMRK,,2016,$162.31 B,10.49%,https://companiesmarketcap.com/img/company-logos/256/MRK.png,logos\MerckMRK.png
MerckMRK,,2015,$146.89 B,-8.86%,https://companiesmarketcap.com/img/company-logos/256/MRK.png,logos\MerckMRK.png
MerckMRK,,2014,$161.17 B,10%,https://companiesmarketcap.com/img/company-logos/256/MRK.png,logos\MerckMRK.png
MerckMRK,,2013,$146.52 B,18.25%,https://companiesmarketcap.com/img/company-logos/256/MRK.png,logos\MerckMRK.png
MerckMRK,,2012,$123.91 B,7.84%,https://companiesmarketcap.com/img/company-logos/256/MRK.png,logos\MerckMRK.png
MerckMRK,,2011,$114.90 B,3.45%,https://companiesmarketcap.com/img/company-logos/256/MRK.png,logos\MerckMRK.png
MerckMRK,,2010,$111.07 B,-2.2%,https://companiesmarketcap.com/img/company-logos/256/MRK.png,logos\MerckMRK.png
MerckMRK,,2009,$113.57 B,76.71%,https://companiesmarketcap.com/img/company-logos/256/MRK.png,logos\MerckMRK.png
MerckMRK,,2008,$64.27 B,-49.09%,https://companiesmarketcap.com/img/company-logos/256/MRK.png,logos\MerckMRK.png
MerckMRK,,2007,$126.24 B,33.57%,https://companiesmarketcap.com/img/company-logos/256/MRK.png,logos\MerckMRK.png
MerckMRK,,2006,$94.51 B,36.18%,https://companiesmarketcap.com/img/company-logos/256/MRK.png,logos\MerckMRK.png
MerckMRK,,2005,$69.40 B,-2.22%,https://companiesmarketcap.com/img/company-logos/256/MRK.png,logos\MerckMRK.png
MerckMRK,,2004,$70.98 B,-30.84%,https://companiesmarketcap.com/img/company-logos/256/MRK.png,logos\MerckMRK.png
MerckMRK,,2003,$102.64 B,-19.46%,https://companiesmarketcap.com/img/company-logos/256/MRK.png,logos\MerckMRK.png
MerckMRK,,2002,$127.44 B,-6.04%,https://companiesmarketcap.com/img/company-logos/256/MRK.png,logos\MerckMRK.png
MerckMRK,,2001,$135.63 B,-37.22%,https://companiesmarketcap.com/img/company-logos/256/MRK.png,logos\MerckMRK.png
MerckMRK,,2000,$216.04 B,38.06%,https://companiesmarketcap.com/img/company-logos/256/MRK.png,logos\MerckMRK.png
MerckMRK,,1999,$156.48 B,-10.11%,https://companiesmarketcap.com/img/company-logos/256/MRK.png,logos\MerckMRK.png
MerckMRK,,1998,$174.08 B,37.59%,https://companiesmarketcap.com/img/company-logos/256/MRK.png,logos\MerckMRK.png
MerckMRK,,1997,$126.52 B,31.69%,https://companiesmarketcap.com/img/company-logos/256/MRK.png,logos\MerckMRK.png
MerckMRK,,1996,$96.07 B,,https://companiesmarketcap.com/img/company-logos/256/MRK.png,logos\MerckMRK.png
Applied,MaterialsAMAT,2026,$368.41 B,76.58%,https://companiesmarketcap.com/img/company-logos/256/AMAT.png,logos\MaterialsAMAT.png
Applied,MaterialsAMAT,2025,$208.64 B,53.7%,https://companiesmarketcap.com/img/company-logos/256/AMAT.png,logos\MaterialsAMAT.png
Applied,MaterialsAMAT,2024,$135.74 B,0.78%,https://companiesmarketcap.com/img/company-logos/256/AMAT.png,logos\MaterialsAMAT.png
Applied,MaterialsAMAT,2023,$134.69 B,63.85%,https://companiesmarketcap.com/img/company-logos/256/AMAT.png,logos\MaterialsAMAT.png
Applied,MaterialsAMAT,2022,$82.20 B,-41.09%,https://companiesmarketcap.com/img/company-logos/256/AMAT.png,logos\MaterialsAMAT.png
Applied,MaterialsAMAT,2021,$139.53 B,76.83%,https://companiesmarketcap.com/img/company-logos/256/AMAT.png,logos\MaterialsAMAT.png
Applied,MaterialsAMAT,2020,$78.90 B,41.21%,https://companiesmarketcap.com/img/company-logos/256/AMAT.png,logos\MaterialsAMAT.png
Applied,MaterialsAMAT,2019,$55.87 B,79.11%,https://companiesmarketcap.com/img/company-logos/256/AMAT.png,logos\MaterialsAMAT.png
Applied,MaterialsAMAT,2018,$31.19 B,-42.23%,https://companiesmarketcap.com/img/company-logos/256/AMAT.png,logos\MaterialsAMAT.png
Applied,MaterialsAMAT,2017,$54.00 B,55.44%,https://companiesmarketcap.com/img/company-logos/256/AMAT.png,logos\MaterialsAMAT.png
Applied,MaterialsAMAT,2016,$34.74 B,63.1%,https://companiesmarketcap.com/img/company-logos/256/AMAT.png,logos\MaterialsAMAT.png
Applied,MaterialsAMAT,2015,$21.30 B,-30.02%,https://companiesmarketcap.com/img/company-logos/256/AMAT.png,logos\MaterialsAMAT.png
Applied,MaterialsAMAT,2014,$30.43 B,42.88%,https://companiesmarketcap.com/img/company-logos/256/AMAT.png,logos\MaterialsAMAT.png
Applied,MaterialsAMAT,2013,$21.30 B,55.7%,https://companiesmarketcap.com/img/company-logos/256/AMAT.png,logos\MaterialsAMAT.png
Applied,MaterialsAMAT,2012,$13.68 B,-2.15%,https://companiesmarketcap.com/img/company-logos/256/AMAT.png,logos\MaterialsAMAT.png
Applied,MaterialsAMAT,2011,$13.98 B,-24.77%,https://companiesmarketcap.com/img/company-logos/256/AMAT.png,logos\MaterialsAMAT.png
Applied,MaterialsAMAT,2010,$18.58 B,-0.68%,https://companiesmarketcap.com/img/company-logos/256/AMAT.png,logos\MaterialsAMAT.png
Applied,MaterialsAMAT,2009,$18.71 B,39.01%,https://companiesmarketcap.com/img/company-logos/256/AMAT.png,logos\MaterialsAMAT.png
Applied,MaterialsAMAT,2008,$13.46 B,-45.18%,https://companiesmarketcap.com/img/company-logos/256/AMAT.png,logos\MaterialsAMAT.png
Applied,MaterialsAMAT,2007,$24.55 B,-4.43%,https://companiesmarketcap.com/img/company-logos/256/AMAT.png,logos\MaterialsAMAT.png
Applied,MaterialsAMAT,2006,$25.69 B,-10.87%,https://companiesmarketcap.com/img/company-logos/256/AMAT.png,logos\MaterialsAMAT.png
Applied,MaterialsAMAT,2005,$28.82 B,0.4%,https://companiesmarketcap.com/img/company-logos/256/AMAT.png,logos\MaterialsAMAT.png
Applied,MaterialsAMAT,2004,$28.71 B,-23.9%,https://companiesmarketcap.com/img/company-logos/256/AMAT.png,logos\MaterialsAMAT.png
Applied,MaterialsAMAT,2003,$37.73 B,75.47%,https://companiesmarketcap.com/img/company-logos/256/AMAT.png,logos\MaterialsAMAT.png
Applied,MaterialsAMAT,2002,$21.50 B,-34.52%,https://companiesmarketcap.com/img/company-logos/256/AMAT.png,logos\MaterialsAMAT.png
Applied,MaterialsAMAT,2001,$32.84 B,6.28%,https://companiesmarketcap.com/img/company-logos/256/AMAT.png,logos\MaterialsAMAT.png
Applied,MaterialsAMAT,2000,$30.90 B,-36.26%,https://companiesmarketcap.com/img/company-logos/256/AMAT.png,logos\MaterialsAMAT.png
Applied,MaterialsAMAT,1999,$48.47 B,205.48%,https://companiesmarketcap.com/img/company-logos/256/AMAT.png,logos\MaterialsAMAT.png
Applied,MaterialsAMAT,1998,$15.86 B,43.9%,https://companiesmarketcap.com/img/company-logos/256/AMAT.png,logos\MaterialsAMAT.png
Applied,MaterialsAMAT,1997,$11.02 B,69.59%,https://companiesmarketcap.com/img/company-logos/256/AMAT.png,logos\MaterialsAMAT.png
Applied,MaterialsAMAT,1996,$6.50 B,,https://companiesmarketcap.com/img/company-logos/256/AMAT.png,logos\MaterialsAMAT.png
DellDELL,,2026,$365.78 B,322.31%,https://companiesmarketcap.com/img/company-logos/256/DELL.png,logos\DellDELL.png
DellDELL,,2025,$86.61 B,5.39%,https://companiesmarketcap.com/img/company-logos/256/DELL.png,logos\DellDELL.png
DellDELL,,2024,$82.18 B,50.97%,https://companiesmarketcap.com/img/company-logos/256/DELL.png,logos\DellDELL.png
DellDELL,,2023,$54.43 B,89%,https://companiesmarketcap.com/img/company-logos/256/DELL.png,logos\DellDELL.png
DellDELL,,2022,$28.80 B,-32.87%,https://companiesmarketcap.com/img/company-logos/256/DELL.png,logos\DellDELL.png
DellDELL,,2021,$42.90 B,-21.92%,https://companiesmarketcap.com/img/company-logos/256/DELL.png,logos\DellDELL.png
DellDELL,,2020,$54.95 B,45.01%,https://companiesmarketcap.com/img/company-logos/256/DELL.png,logos\DellDELL.png
DellDELL,,2019,$37.89 B,7.94%,https://companiesmarketcap.com/img/company-logos/256/DELL.png,logos\DellDELL.png
DellDELL,,2018,$35.10 B,,https://companiesmarketcap.com/img/company-logos/256/DELL.png,logos\DellDELL.png
RocheRO.SW,,2026,$362.20 B,9.5%,https://companiesmarketcap.com/img/company-logos/256/RO.SW.png,logos\RocheRO.SW.png
RocheRO.SW,,2025,$330.76 B,45.85%,https://companiesmarketcap.com/img/company-logos/256/RO.SW.png,logos\RocheRO.SW.png
RocheRO.SW,,2024,$226.77 B,-3.25%,https://companiesmarketcap.com/img/company-logos/256/RO.SW.png,logos\RocheRO.SW.png
RocheRO.SW,,2023,$234.39 B,-9.71%,https://companiesmarketcap.com/img/company-logos/256/RO.SW.png,logos\RocheRO.SW.png
RocheRO.SW,,2022,$259.59 B,-27.82%,https://companiesmarketcap.com/img/company-logos/256/RO.SW.png,logos\RocheRO.SW.png
RocheRO.SW,,2021,$359.63 B,20.2%,https://companiesmarketcap.com/img/company-logos/256/RO.SW.png,logos\RocheRO.SW.png
RocheRO.SW,,2020,$299.20 B,8.27%,https://companiesmarketcap.com/img/company-logos/256/RO.SW.png,logos\RocheRO.SW.png
RocheRO.SW,,2019,$276.35 B,31.2%,https://companiesmarketcap.com/img/company-logos/256/RO.SW.png,logos\RocheRO.SW.png
RocheRO.SW,,2018,$210.64 B,-2.46%,https://companiesmarketcap.com/img/company-logos/256/RO.SW.png,logos\RocheRO.SW.png
RocheRO.SW,,2017,$215.96 B,10.5%,https://companiesmarketcap.com/img/company-logos/256/RO.SW.png,logos\RocheRO.SW.png
RocheRO.SW,,2016,$195.43 B,-18.03%,https://companiesmarketcap.com/img/company-logos/256/RO.SW.png,logos\RocheRO.SW.png
RocheRO.SW,,2015,$238.41 B,2.92%,https://companiesmarketcap.com/img/company-logos/256/RO.SW.png,logos\RocheRO.SW.png
RocheRO.SW,,2014,$231.65 B,-2.73%,https://companiesmarketcap.com/img/company-logos/256/RO.SW.png,logos\RocheRO.SW.png
RocheRO.SW,,2013,$238.15 B,-24.51%,https://companiesmarketcap.com/img/company-logos/256/RO.SW.png,logos\RocheRO.SW.png
RocheRO.SW,,2012,$315.46 B,113.67%,https://companiesmarketcap.com/img/company-logos/256/RO.SW.png,logos\RocheRO.SW.png
RocheRO.SW,,2011,$147.64 B,15.85%,https://companiesmarketcap.com/img/company-logos/256/RO.SW.png,logos\RocheRO.SW.png
RocheRO.SW,,2010,$127.44 B,-14.38%,https://companiesmarketcap.com/img/company-logos/256/RO.SW.png,logos\RocheRO.SW.png
RocheRO.SW,,2009,$148.85 B,9.99%,https://companiesmarketcap.com/img/company-logos/256/RO.SW.png,logos\RocheRO.SW.png
RocheRO.SW,,2008,$135.33 B,-10.67%,https://companiesmarketcap.com/img/company-logos/256/RO.SW.png,logos\RocheRO.SW.png
RocheRO.SW,,2007,$151.50 B,-13.66%,https://companiesmarketcap.com/img/company-logos/256/RO.SW.png,logos\RocheRO.SW.png
RocheRO.SW,,2006,$175.47 B,,https://companiesmarketcap.com/img/company-logos/256/RO.SW.png,logos\RocheRO.SW.png
Agricultural Bank of,China601288.SS,2026,$361.23 B,-3.72%,https://companiesmarketcap.com/img/company-logos/256/601288.SS.png,logos\China601288.SS.png
Agricultural Bank of,China601288.SS,2025,$375.17 B,50.22%,https://companiesmarketcap.com/img/company-logos/256/601288.SS.png,logos\China601288.SS.png
Agricultural Bank of,China601288.SS,2024,$249.75 B,42.23%,https://companiesmarketcap.com/img/company-logos/256/601288.SS.png,logos\China601288.SS.png
Agricultural Bank of,China601288.SS,2023,$175.59 B,23.33%,https://companiesmarketcap.com/img/company-logos/256/601288.SS.png,logos\China601288.SS.png
Agricultural Bank of,China601288.SS,2022,$142.37 B,-9.81%,https://companiesmarketcap.com/img/company-logos/256/601288.SS.png,logos\China601288.SS.png
Agricultural Bank of,China601288.SS,2021,$157.86 B,-4.29%,https://companiesmarketcap.com/img/company-logos/256/601288.SS.png,logos\China601288.SS.png
Agricultural Bank of,China601288.SS,2020,$164.93 B,-9.47%,https://companiesmarketcap.com/img/company-logos/256/601288.SS.png,logos\China601288.SS.png
Agricultural Bank of,China601288.SS,2019,$182.19 B,0.89%,https://companiesmarketcap.com/img/company-logos/256/601288.SS.png,logos\China601288.SS.png
Agricultural Bank of,China601288.SS,2018,$180.57 B,-3.3%,https://companiesmarketcap.com/img/company-logos/256/601288.SS.png,logos\China601288.SS.png
Agricultural Bank of,China601288.SS,2017,$186.74 B,29.82%,https://companiesmarketcap.com/img/company-logos/256/601288.SS.png,logos\China601288.SS.png
Agricultural Bank of,China601288.SS,2016,$143.85 B,-9.6%,https://companiesmarketcap.com/img/company-logos/256/601288.SS.png,logos\China601288.SS.png
Agricultural Bank of,China601288.SS,2015,$159.13 B,-17.01%,https://companiesmarketcap.com/img/company-logos/256/601288.SS.png,logos\China601288.SS.png
Agricultural Bank of,China601288.SS,2014,$191.74 B,41.38%,https://companiesmarketcap.com/img/company-logos/256/601288.SS.png,logos\China601288.SS.png
Agricultural Bank of,China601288.SS,2013,$135.62 B,-7.9%,https://companiesmarketcap.com/img/company-logos/256/601288.SS.png,logos\China601288.SS.png
Agricultural Bank of,China601288.SS,2012,$147.26 B,8.79%,https://companiesmarketcap.com/img/company-logos/256/601288.SS.png,logos\China601288.SS.png
Agricultural Bank of,China601288.SS,2011,$135.36 B,0.55%,https://companiesmarketcap.com/img/company-logos/256/601288.SS.png,logos\China601288.SS.png
Agricultural Bank of,China601288.SS,2010,$134.63 B,,https://companiesmarketcap.com/img/company-logos/256/601288.SS.png,logos\China601288.SS.png
HSBCHSBC,,2026,$353.20 B,28.65%,https://companiesmarketcap.com/img/company-logos/256/HSBC.png,logos\HSBCHSBC.png
HSBCHSBC,,2025,$274.55 B,55.36%,https://companiesmarketcap.com/img/company-logos/256/HSBC.png,logos\HSBCHSBC.png
HSBCHSBC,,2024,$176.71 B,13.15%,https://companiesmarketcap.com/img/company-logos/256/HSBC.png,logos\HSBCHSBC.png
HSBCHSBC,,2023,$156.17 B,25.5%,https://companiesmarketcap.com/img/company-logos/256/HSBC.png,logos\HSBCHSBC.png
HSBCHSBC,,2022,$124.44 B,1.23%,https://companiesmarketcap.com/img/company-logos/256/HSBC.png,logos\HSBCHSBC.png
HSBCHSBC,,2021,$122.93 B,16.9%,https://companiesmarketcap.com/img/company-logos/256/HSBC.png,logos\HSBCHSBC.png
HSBCHSBC,,2020,$105.16 B,-34.34%,https://companiesmarketcap.com/img/company-logos/256/HSBC.png,logos\HSBCHSBC.png
HSBCHSBC,,2019,$160.17 B,-2.61%,https://companiesmarketcap.com/img/company-logos/256/HSBC.png,logos\HSBCHSBC.png
HSBCHSBC,,2018,$164.46 B,-20.2%,https://companiesmarketcap.com/img/company-logos/256/HSBC.png,logos\HSBCHSBC.png
HSBCHSBC,,2017,$206.08 B,28.55%,https://companiesmarketcap.com/img/company-logos/256/HSBC.png,logos\HSBCHSBC.png
HSBCHSBC,,2016,$160.31 B,2.52%,https://companiesmarketcap.com/img/company-logos/256/HSBC.png,logos\HSBCHSBC.png
HSBCHSBC,,2015,$156.37 B,-14.1%,https://companiesmarketcap.com/img/company-logos/256/HSBC.png,logos\HSBCHSBC.png
HSBCHSBC,,2014,$182.04 B,-11.49%,https://companiesmarketcap.com/img/company-logos/256/HSBC.png,logos\HSBCHSBC.png
HSBCHSBC,,2013,$205.67 B,6.49%,https://companiesmarketcap.com/img/company-logos/256/HSBC.png,logos\HSBCHSBC.png
HSBCHSBC,,2012,$193.14 B,41.86%,https://companiesmarketcap.com/img/company-logos/256/HSBC.png,logos\HSBCHSBC.png
HSBCHSBC,,2011,$136.15 B,-24.59%,https://companiesmarketcap.com/img/company-logos/256/HSBC.png,logos\HSBCHSBC.png
HSBCHSBC,,2010,$180.54 B,-9.17%,https://companiesmarketcap.com/img/company-logos/256/HSBC.png,logos\HSBCHSBC.png
HSBCHSBC,,2009,$198.76 B,47%,https://companiesmarketcap.com/img/company-logos/256/HSBC.png,logos\HSBCHSBC.png
HSBCHSBC,,2008,$135.21 B,-40.5%,https://companiesmarketcap.com/img/company-logos/256/HSBC.png,logos\HSBCHSBC.png
HSBCHSBC,,2007,$227.25 B,-6.64%,https://companiesmarketcap.com/img/company-logos/256/HSBC.png,logos\HSBCHSBC.png
HSBCHSBC,,2006,$243.41 B,16.85%,https://companiesmarketcap.com/img/company-logos/256/HSBC.png,logos\HSBCHSBC.png
HSBCHSBC,,2005,$208.31 B,-4.57%,https://companiesmarketcap.com/img/company-logos/256/HSBC.png,logos\HSBCHSBC.png
HSBCHSBC,,2004,$218.30 B,10.11%,https://companiesmarketcap.com/img/company-logos/256/HSBC.png,logos\HSBCHSBC.png
HSBCHSBC,,2003,$198.26 B,65.73%,https://companiesmarketcap.com/img/company-logos/256/HSBC.png,logos\HSBCHSBC.png
HSBCHSBC,,2002,$119.63 B,-6.68%,https://companiesmarketcap.com/img/company-logos/256/HSBC.png,logos\HSBCHSBC.png
HSBCHSBC,,2001,$128.19 B,-18.12%,https://companiesmarketcap.com/img/company-logos/256/HSBC.png,logos\HSBCHSBC.png
HSBCHSBC,,2000,$156.55 B,12.99%,https://companiesmarketcap.com/img/company-logos/256/HSBC.png,logos\HSBCHSBC.png
HSBCHSBC,,1999,$138.55 B,81.85%,https://companiesmarketcap.com/img/company-logos/256/HSBC.png,logos\HSBCHSBC.png
HSBCHSBC,,1998,$76.19 B,-0.74%,https://companiesmarketcap.com/img/company-logos/256/HSBC.png,logos\HSBCHSBC.png
HSBCHSBC,,1997,$76.76 B,16.37%,https://companiesmarketcap.com/img/company-logos/256/HSBC.png,logos\HSBCHSBC.png
HSBCHSBC,,1996,$65.96 B,,https://companiesmarketcap.com/img/company-logos/256/HSBC.png,logos\HSBCHSBC.png
Arm,HoldingsARM,2026,$344.85 B,194.76%,https://companiesmarketcap.com/img/company-logos/256/ARM.png,logos\HoldingsARM.png
Arm,HoldingsARM,2025,$116.99 B,-13.84%,https://companiesmarketcap.com/img/company-logos/256/ARM.png,logos\HoldingsARM.png
Arm,HoldingsARM,2024,$135.78 B,76.26%,https://companiesmarketcap.com/img/company-logos/256/ARM.png,logos\HoldingsARM.png
Arm,HoldingsARM,2023,$77.04 B,,https://companiesmarketcap.com/img/company-logos/256/ARM.png,logos\HoldingsARM.png
ICBC1398.HK,,2026,$344.36 B,-2.3%,https://companiesmarketcap.com/img/company-logos/256/1398.HK.png,logos\ICBC1398.HK.png
ICBC1398.HK,,2025,$352.48 B,12.43%,https://companiesmarketcap.com/img/company-logos/256/1398.HK.png,logos\ICBC1398.HK.png
ICBC1398.HK,,2024,$313.50 B,40.08%,https://companiesmarketcap.com/img/company-logos/256/1398.HK.png,logos\ICBC1398.HK.png
ICBC1398.HK,,2023,$223.80 B,6.01%,https://companiesmarketcap.com/img/company-logos/256/1398.HK.png,logos\ICBC1398.HK.png
ICBC1398.HK,,2022,$211.12 B,-13.76%,https://companiesmarketcap.com/img/company-logos/256/1398.HK.png,logos\ICBC1398.HK.png
ICBC1398.HK,,2021,$244.82 B,-6.56%,https://companiesmarketcap.com/img/company-logos/256/1398.HK.png,logos\ICBC1398.HK.png
ICBC1398.HK,,2020,$262.02 B,-39.67%,https://companiesmarketcap.com/img/company-logos/256/1398.HK.png,logos\ICBC1398.HK.png
ICBC1398.HK,,2019,$434.30 B,8.62%,https://companiesmarketcap.com/img/company-logos/256/1398.HK.png,logos\ICBC1398.HK.png
ICBC1398.HK,,2018,$399.83 B,-15.44%,https://companiesmarketcap.com/img/company-logos/256/1398.HK.png,logos\ICBC1398.HK.png
ICBC1398.HK,,2017,$472.84 B,42.04%,https://companiesmarketcap.com/img/company-logos/256/1398.HK.png,logos\ICBC1398.HK.png
ICBC1398.HK,,2016,$332.88 B,-5.71%,https://companiesmarketcap.com/img/company-logos/256/1398.HK.png,logos\ICBC1398.HK.png
ICBC1398.HK,,2015,$353.05 B,-12.62%,https://companiesmarketcap.com/img/company-logos/256/1398.HK.png,logos\ICBC1398.HK.png
ICBC1398.HK,,2014,$404.02 B,20.56%,https://companiesmarketcap.com/img/company-logos/256/1398.HK.png,logos\ICBC1398.HK.png
ICBC1398.HK,,2013,$335.12 B,-7.23%,https://companiesmarketcap.com/img/company-logos/256/1398.HK.png,logos\ICBC1398.HK.png
ICBC1398.HK,,2012,$361.25 B,9.04%,https://companiesmarketcap.com/img/company-logos/256/1398.HK.png,logos\ICBC1398.HK.png
ICBC1398.HK,,2011,$331.28 B,-8.67%,https://companiesmarketcap.com/img/company-logos/256/1398.HK.png,logos\ICBC1398.HK.png
ICBC1398.HK,,2010,$362.73 B,-11.19%,https://companiesmarketcap.com/img/company-logos/256/1398.HK.png,logos\ICBC1398.HK.png
ICBC1398.HK,,2009,$408.42 B,55.25%,https://companiesmarketcap.com/img/company-logos/256/1398.HK.png,logos\ICBC1398.HK.png
ICBC1398.HK,,2008,$263.07 B,-41.94%,https://companiesmarketcap.com/img/company-logos/256/1398.HK.png,logos\ICBC1398.HK.png
ICBC1398.HK,,2007,$453.07 B,27.31%,https://companiesmarketcap.com/img/company-logos/256/1398.HK.png,logos\ICBC1398.HK.png
ICBC1398.HK,,2006,$355.88 B,,https://companiesmarketcap.com/img/company-logos/256/1398.HK.png,logos\ICBC1398.HK.png
Procter &,GamblePG,2026,$339.29 B,0.16%,https://companiesmarketcap.com/img/company-logos/256/PG.png,logos\GamblePG.png
Procter &,GamblePG,2025,$338.76 B,-15.15%,https://companiesmarketcap.com/img/company-logos/256/PG.png,logos\GamblePG.png
Procter &,GamblePG,2024,$399.24 B,15.6%,https://companiesmarketcap.com/img/company-logos/256/PG.png,logos\GamblePG.png
Procter &,GamblePG,2023,$345.37 B,-3.83%,https://companiesmarketcap.com/img/company-logos/256/PG.png,logos\GamblePG.png
Procter &,GamblePG,2022,$359.15 B,-8.41%,https://companiesmarketcap.com/img/company-logos/256/PG.png,logos\GamblePG.png
Procter &,GamblePG,2021,$392.11 B,13.65%,https://companiesmarketcap.com/img/company-logos/256/PG.png,logos\GamblePG.png
Procter &,GamblePG,2020,$345.01 B,11.86%,https://companiesmarketcap.com/img/company-logos/256/PG.png,logos\GamblePG.png
Procter &,GamblePG,2019,$308.43 B,34.13%,https://companiesmarketcap.com/img/company-logos/256/PG.png,logos\GamblePG.png
Procter &,GamblePG,2018,$229.94 B,-1.35%,https://companiesmarketcap.com/img/company-logos/256/PG.png,logos\GamblePG.png
Procter &,GamblePG,2017,$233.09 B,3.6%,https://companiesmarketcap.com/img/company-logos/256/PG.png,logos\GamblePG.png
Procter &,GamblePG,2016,$224.99 B,4.76%,https://companiesmarketcap.com/img/company-logos/256/PG.png,logos\GamblePG.png
Procter &,GamblePG,2015,$214.76 B,-12.69%,https://companiesmarketcap.com/img/company-logos/256/PG.png,logos\GamblePG.png
Procter &,GamblePG,2014,$245.98 B,11.44%,https://companiesmarketcap.com/img/company-logos/256/PG.png,logos\GamblePG.png
Procter &,GamblePG,2013,$220.73 B,19.03%,https://companiesmarketcap.com/img/company-logos/256/PG.png,logos\GamblePG.png
Procter &,GamblePG,2012,$185.45 B,1.04%,https://companiesmarketcap.com/img/company-logos/256/PG.png,logos\GamblePG.png
Procter &,GamblePG,2011,$183.54 B,1.87%,https://companiesmarketcap.com/img/company-logos/256/PG.png,logos\GamblePG.png
Procter &,GamblePG,2010,$180.17 B,2.31%,https://companiesmarketcap.com/img/company-logos/256/PG.png,logos\GamblePG.png
Procter &,GamblePG,2009,$176.10 B,-2.8%,https://companiesmarketcap.com/img/company-logos/256/PG.png,logos\GamblePG.png
Procter &,GamblePG,2008,$181.18 B,-19.81%,https://companiesmarketcap.com/img/company-logos/256/PG.png,logos\GamblePG.png
Procter &,GamblePG,2007,$225.94 B,11.42%,https://companiesmarketcap.com/img/company-logos/256/PG.png,logos\GamblePG.png
Procter &,GamblePG,2006,$202.79 B,6.53%,https://companiesmarketcap.com/img/company-logos/256/PG.png,logos\GamblePG.png
Procter &,GamblePG,2005,$190.37 B,37.01%,https://companiesmarketcap.com/img/company-logos/256/PG.png,logos\GamblePG.png
Procter &,GamblePG,2004,$138.94 B,7.58%,https://companiesmarketcap.com/img/company-logos/256/PG.png,logos\GamblePG.png
Procter &,GamblePG,2003,$129.14 B,16.23%,https://companiesmarketcap.com/img/company-logos/256/PG.png,logos\GamblePG.png
Procter &,GamblePG,2002,$111.11 B,8.34%,https://companiesmarketcap.com/img/company-logos/256/PG.png,logos\GamblePG.png
Procter &,GamblePG,2001,$102.56 B,0.59%,https://companiesmarketcap.com/img/company-logos/256/PG.png,logos\GamblePG.png
Procter &,GamblePG,2000,$101.95 B,-29.27%,https://companiesmarketcap.com/img/company-logos/256/PG.png,logos\GamblePG.png
Procter &,GamblePG,1999,$144.15 B,19.02%,https://companiesmarketcap.com/img/company-logos/256/PG.png,logos\GamblePG.png
Procter &,GamblePG,1998,$121.11 B,13.09%,https://companiesmarketcap.com/img/company-logos/256/PG.png,logos\GamblePG.png
Procter &,GamblePG,1997,$107.09 B,46.44%,https://companiesmarketcap.com/img/company-logos/256/PG.png,logos\GamblePG.png
Procter &,GamblePG,1996,$73.13 B,,https://companiesmarketcap.com/img/company-logos/256/PG.png,logos\GamblePG.png
UnitedHealthUNH,,2026,$338.89 B,12.75%,https://companiesmarketcap.com/img/company-logos/256/UNH.png,logos\UnitedHealthUNH.png
UnitedHealthUNH,,2025,$300.58 B,-35.96%,https://companiesmarketcap.com/img/company-logos/256/UNH.png,logos\UnitedHealthUNH.png
UnitedHealthUNH,,2024,$469.33 B,-3.62%,https://companiesmarketcap.com/img/company-logos/256/UNH.png,logos\UnitedHealthUNH.png
UnitedHealthUNH,,2023,$486.94 B,-1.7%,https://companiesmarketcap.com/img/company-logos/256/UNH.png,logos\UnitedHealthUNH.png
UnitedHealthUNH,,2022,$495.37 B,4.74%,https://companiesmarketcap.com/img/company-logos/256/UNH.png,logos\UnitedHealthUNH.png
UnitedHealthUNH,,2021,$472.94 B,42.14%,https://companiesmarketcap.com/img/company-logos/256/UNH.png,logos\UnitedHealthUNH.png
UnitedHealthUNH,,2020,$332.73 B,19.39%,https://companiesmarketcap.com/img/company-logos/256/UNH.png,logos\UnitedHealthUNH.png
UnitedHealthUNH,,2019,$278.69 B,16.53%,https://companiesmarketcap.com/img/company-logos/256/UNH.png,logos\UnitedHealthUNH.png
UnitedHealthUNH,,2018,$239.15 B,11.94%,https://companiesmarketcap.com/img/company-logos/256/UNH.png,logos\UnitedHealthUNH.png
UnitedHealthUNH,,2017,$213.64 B,40.25%,https://companiesmarketcap.com/img/company-logos/256/UNH.png,logos\UnitedHealthUNH.png
UnitedHealthUNH,,2016,$152.32 B,35.87%,https://companiesmarketcap.com/img/company-logos/256/UNH.png,logos\UnitedHealthUNH.png
UnitedHealthUNH,,2015,$112.11 B,16.25%,https://companiesmarketcap.com/img/company-logos/256/UNH.png,logos\UnitedHealthUNH.png
UnitedHealthUNH,,2014,$96.43 B,29.63%,https://companiesmarketcap.com/img/company-logos/256/UNH.png,logos\UnitedHealthUNH.png
UnitedHealthUNH,,2013,$74.39 B,34.6%,https://companiesmarketcap.com/img/company-logos/256/UNH.png,logos\UnitedHealthUNH.png
UnitedHealthUNH,,2012,$55.27 B,2.3%,https://companiesmarketcap.com/img/company-logos/256/UNH.png,logos\UnitedHealthUNH.png
UnitedHealthUNH,,2011,$54.02 B,37.77%,https://companiesmarketcap.com/img/company-logos/256/UNH.png,logos\UnitedHealthUNH.png
UnitedHealthUNH,,2010,$39.21 B,12.17%,https://companiesmarketcap.com/img/company-logos/256/UNH.png,logos\UnitedHealthUNH.png
UnitedHealthUNH,,2009,$34.96 B,8.82%,https://companiesmarketcap.com/img/company-logos/256/UNH.png,logos\UnitedHealthUNH.png
UnitedHealthUNH,,2008,$32.12 B,-55.94%,https://companiesmarketcap.com/img/company-logos/256/UNH.png,logos\UnitedHealthUNH.png
UnitedHealthUNH,,2007,$72.92 B,0.91%,https://companiesmarketcap.com/img/company-logos/256/UNH.png,logos\UnitedHealthUNH.png
UnitedHealthUNH,,2006,$72.26 B,-14.36%,https://companiesmarketcap.com/img/company-logos/256/UNH.png,logos\UnitedHealthUNH.png
UnitedHealthUNH,,2005,$84.38 B,49.08%,https://companiesmarketcap.com/img/company-logos/256/UNH.png,logos\UnitedHealthUNH.png
UnitedHealthUNH,,2004,$56.60 B,66.88%,https://companiesmarketcap.com/img/company-logos/256/UNH.png,logos\UnitedHealthUNH.png
UnitedHealthUNH,,2003,$33.91 B,35.65%,https://companiesmarketcap.com/img/company-logos/256/UNH.png,logos\UnitedHealthUNH.png
UnitedHealthUNH,,2002,$25.00 B,14.48%,https://companiesmarketcap.com/img/company-logos/256/UNH.png,logos\UnitedHealthUNH.png
UnitedHealthUNH,,2001,$21.84 B,12.18%,https://companiesmarketcap.com/img/company-logos/256/UNH.png,logos\UnitedHealthUNH.png
UnitedHealthUNH,,2000,$19.47 B,118.84%,https://companiesmarketcap.com/img/company-logos/256/UNH.png,logos\UnitedHealthUNH.png
UnitedHealthUNH,,1999,$8.89 B,12.33%,https://companiesmarketcap.com/img/company-logos/256/UNH.png,logos\UnitedHealthUNH.png
UnitedHealthUNH,,1998,$7.92 B,-16.59%,https://companiesmarketcap.com/img/company-logos/256/UNH.png,logos\UnitedHealthUNH.png
UnitedHealthUNH,,1997,$9.49 B,14.15%,https://companiesmarketcap.com/img/company-logos/256/UNH.png,logos\UnitedHealthUNH.png
UnitedHealthUNH,,1996,$8.31 B,,https://companiesmarketcap.com/img/company-logos/256/UNH.png,logos\UnitedHealthUNH.png
General,ElectricGE,2026,$330.99 B,-0.96%,https://companiesmarketcap.com/img/company-logos/256/GE.png,logos\ElectricGE.png
General,ElectricGE,2025,$334.18 B,81.55%,https://companiesmarketcap.com/img/company-logos/256/GE.png,logos\ElectricGE.png
General,ElectricGE,2024,$184.07 B,32.51%,https://companiesmarketcap.com/img/company-logos/256/GE.png,logos\ElectricGE.png
General,ElectricGE,2023,$138.91 B,51.72%,https://companiesmarketcap.com/img/company-logos/256/GE.png,logos\ElectricGE.png
General,ElectricGE,2022,$91.55 B,-11.75%,https://companiesmarketcap.com/img/company-logos/256/GE.png,logos\ElectricGE.png
General,ElectricGE,2021,$103.74 B,9.66%,https://companiesmarketcap.com/img/company-logos/256/GE.png,logos\ElectricGE.png
General,ElectricGE,2020,$94.60 B,-2.99%,https://companiesmarketcap.com/img/company-logos/256/GE.png,logos\ElectricGE.png
General,ElectricGE,2019,$97.52 B,48.04%,https://companiesmarketcap.com/img/company-logos/256/GE.png,logos\ElectricGE.png
General,ElectricGE,2018,$65.87 B,-56.47%,https://companiesmarketcap.com/img/company-logos/256/GE.png,logos\ElectricGE.png
General,ElectricGE,2017,$151.32 B,-45.87%,https://companiesmarketcap.com/img/company-logos/256/GE.png,logos\ElectricGE.png
General,ElectricGE,2016,$279.54 B,-4.32%,https://companiesmarketcap.com/img/company-logos/256/GE.png,logos\ElectricGE.png
General,ElectricGE,2015,$292.16 B,14.96%,https://companiesmarketcap.com/img/company-logos/256/GE.png,logos\ElectricGE.png
General,ElectricGE,2014,$254.14 B,-9.88%,https://companiesmarketcap.com/img/company-logos/256/GE.png,logos\ElectricGE.png
General,ElectricGE,2013,$282.00 B,29.12%,https://companiesmarketcap.com/img/company-logos/256/GE.png,logos\ElectricGE.png
General,ElectricGE,2012,$218.41 B,15.51%,https://companiesmarketcap.com/img/company-logos/256/GE.png,logos\ElectricGE.png
General,ElectricGE,2011,$189.08 B,-2.61%,https://companiesmarketcap.com/img/company-logos/256/GE.png,logos\ElectricGE.png
General,ElectricGE,2010,$194.15 B,20.34%,https://companiesmarketcap.com/img/company-logos/256/GE.png,logos\ElectricGE.png
General,ElectricGE,2009,$161.33 B,0.03%,https://companiesmarketcap.com/img/company-logos/256/GE.png,logos\ElectricGE.png
General,ElectricGE,2008,$161.27 B,-56.44%,https://companiesmarketcap.com/img/company-logos/256/GE.png,logos\ElectricGE.png
General,ElectricGE,2007,$370.24 B,-3.19%,https://companiesmarketcap.com/img/company-logos/256/GE.png,logos\ElectricGE.png
General,ElectricGE,2006,$382.42 B,4.68%,https://companiesmarketcap.com/img/company-logos/256/GE.png,logos\ElectricGE.png
General,ElectricGE,2005,$365.34 B,-5.57%,https://companiesmarketcap.com/img/company-logos/256/GE.png,logos\ElectricGE.png
General,ElectricGE,2004,$386.89 B,23.91%,https://companiesmarketcap.com/img/company-logos/256/GE.png,logos\ElectricGE.png
General,ElectricGE,2003,$312.23 B,28.32%,https://companiesmarketcap.com/img/company-logos/256/GE.png,logos\ElectricGE.png
General,ElectricGE,2002,$243.33 B,-38.89%,https://companiesmarketcap.com/img/company-logos/256/GE.png,logos\ElectricGE.png
General,ElectricGE,2001,$398.22 B,-16.37%,https://companiesmarketcap.com/img/company-logos/256/GE.png,logos\ElectricGE.png
General,ElectricGE,2000,$476.16 B,-6.62%,https://companiesmarketcap.com/img/company-logos/256/GE.png,logos\ElectricGE.png
General,ElectricGE,1999,$509.94 B,52.68%,https://companiesmarketcap.com/img/company-logos/256/GE.png,logos\ElectricGE.png
General,ElectricGE,1998,$334.00 B,39.3%,https://companiesmarketcap.com/img/company-logos/256/GE.png,logos\ElectricGE.png
General,ElectricGE,1997,$239.77 B,47.31%,https://companiesmarketcap.com/img/company-logos/256/GE.png,logos\ElectricGE.png
General,ElectricGE,1996,$162.76 B,,https://companiesmarketcap.com/img/company-logos/256/GE.png,logos\ElectricGE.png
Morgan,StanleyMS,2026,$323.72 B,11.5%,https://companiesmarketcap.com/img/company-logos/256/MS.png,logos\StanleyMS.png
Morgan,StanleyMS,2025,$290.32 B,42.17%,https://companiesmarketcap.com/img/company-logos/256/MS.png,logos\StanleyMS.png
Morgan,StanleyMS,2024,$204.21 B,33.43%,https://companiesmarketcap.com/img/company-logos/256/MS.png,logos\StanleyMS.png
Morgan,StanleyMS,2023,$153.05 B,6.51%,https://companiesmarketcap.com/img/company-logos/256/MS.png,logos\StanleyMS.png
Morgan,StanleyMS,2022,$143.69 B,-17.39%,https://companiesmarketcap.com/img/company-logos/256/MS.png,logos\StanleyMS.png
Morgan,StanleyMS,2021,$173.93 B,40.29%,https://companiesmarketcap.com/img/company-logos/256/MS.png,logos\StanleyMS.png
Morgan,StanleyMS,2020,$123.98 B,52.16%,https://companiesmarketcap.com/img/company-logos/256/MS.png,logos\StanleyMS.png
Morgan,StanleyMS,2019,$81.48 B,20.9%,https://companiesmarketcap.com/img/company-logos/256/MS.png,logos\StanleyMS.png
Morgan,StanleyMS,2018,$67.39 B,-28.95%,https://companiesmarketcap.com/img/company-logos/256/MS.png,logos\StanleyMS.png
Morgan,StanleyMS,2017,$94.86 B,19.88%,https://companiesmarketcap.com/img/company-logos/256/MS.png,logos\StanleyMS.png
Morgan,StanleyMS,2016,$79.12 B,29.55%,https://companiesmarketcap.com/img/company-logos/256/MS.png,logos\StanleyMS.png
Morgan,StanleyMS,2015,$61.07 B,-19.32%,https://companiesmarketcap.com/img/company-logos/256/MS.png,logos\StanleyMS.png
Morgan,StanleyMS,2014,$75.69 B,24.11%,https://companiesmarketcap.com/img/company-logos/256/MS.png,logos\StanleyMS.png
Morgan,StanleyMS,2013,$60.99 B,61.59%,https://companiesmarketcap.com/img/company-logos/256/MS.png,logos\StanleyMS.png
Morgan,StanleyMS,2012,$37.74 B,29.43%,https://companiesmarketcap.com/img/company-logos/256/MS.png,logos\StanleyMS.png
Morgan,StanleyMS,2011,$29.16 B,-29.12%,https://companiesmarketcap.com/img/company-logos/256/MS.png,logos\StanleyMS.png
Morgan,StanleyMS,2010,$41.14 B,2.16%,https://companiesmarketcap.com/img/company-logos/256/MS.png,logos\StanleyMS.png
Morgan,StanleyMS,2009,$40.27 B,133.67%,https://companiesmarketcap.com/img/company-logos/256/MS.png,logos\StanleyMS.png
Morgan,StanleyMS,2008,$17.23 B,-69.28%,https://companiesmarketcap.com/img/company-logos/256/MS.png,logos\StanleyMS.png
Morgan,StanleyMS,2007,$56.09 B,-34.32%,https://companiesmarketcap.com/img/company-logos/256/MS.png,logos\StanleyMS.png
Morgan,StanleyMS,2006,$85.41 B,42.89%,https://companiesmarketcap.com/img/company-logos/256/MS.png,logos\StanleyMS.png
Morgan,StanleyMS,2005,$59.77 B,-1%,https://companiesmarketcap.com/img/company-logos/256/MS.png,logos\StanleyMS.png
Morgan,StanleyMS,2004,$60.37 B,-3.86%,https://companiesmarketcap.com/img/company-logos/256/MS.png,logos\StanleyMS.png
Morgan,StanleyMS,2003,$62.79 B,44.37%,https://companiesmarketcap.com/img/company-logos/256/MS.png,logos\StanleyMS.png
Morgan,StanleyMS,2002,$43.49 B,-28.86%,https://companiesmarketcap.com/img/company-logos/256/MS.png,logos\StanleyMS.png
Morgan,StanleyMS,2001,$61.14 B,-30.32%,https://companiesmarketcap.com/img/company-logos/256/MS.png,logos\StanleyMS.png
Morgan,StanleyMS,2000,$87.75 B,9.92%,https://companiesmarketcap.com/img/company-logos/256/MS.png,logos\StanleyMS.png
Morgan,StanleyMS,1999,$79.83 B,98.77%,https://companiesmarketcap.com/img/company-logos/256/MS.png,logos\StanleyMS.png
Morgan,StanleyMS,1998,$40.16 B,14.22%,https://companiesmarketcap.com/img/company-logos/256/MS.png,logos\StanleyMS.png
Morgan,StanleyMS,1997,$35.16 B,232.03%,https://companiesmarketcap.com/img/company-logos/256/MS.png,logos\StanleyMS.png
Morgan,StanleyMS,1996,$10.59 B,,https://companiesmarketcap.com/img/company-logos/256/MS.png,logos\StanleyMS.png
Bank of,China601988.SS,2026,$319.09 B,23.67%,https://companiesmarketcap.com/img/company-logos/256/601988.SS.png,logos\China601988.SS.png
Bank of,China601988.SS,2025,$258.01 B,28.56%,https://companiesmarketcap.com/img/company-logos/256/601988.SS.png,logos\China601988.SS.png
Bank of,China601988.SS,2024,$200.69 B,33.4%,https://companiesmarketcap.com/img/company-logos/256/601988.SS.png,logos\China601988.SS.png
Bank of,China601988.SS,2023,$150.44 B,19.67%,https://companiesmarketcap.com/img/company-logos/256/601988.SS.png,logos\China601988.SS.png
Bank of,China601988.SS,2022,$125.71 B,-4.05%,https://companiesmarketcap.com/img/company-logos/256/601988.SS.png,logos\China601988.SS.png
Bank of,China601988.SS,2021,$131.02 B,-0.28%,https://companiesmarketcap.com/img/company-logos/256/601988.SS.png,logos\China601988.SS.png
Bank of,China601988.SS,2020,$131.39 B,-10.7%,https://companiesmarketcap.com/img/company-logos/256/601988.SS.png,logos\China601988.SS.png
Bank of,China601988.SS,2019,$147.14 B,0.28%,https://companiesmarketcap.com/img/company-logos/256/601988.SS.png,logos\China601988.SS.png
Bank of,China601988.SS,2018,$146.73 B,-13.28%,https://companiesmarketcap.com/img/company-logos/256/601988.SS.png,logos\China601988.SS.png
Bank of,China601988.SS,2017,$169.19 B,19.59%,https://companiesmarketcap.com/img/company-logos/256/601988.SS.png,logos\China601988.SS.png
Bank of,China601988.SS,2016,$141.48 B,-15.68%,https://companiesmarketcap.com/img/company-logos/256/601988.SS.png,logos\China601988.SS.png
Bank of,China601988.SS,2015,$167.78 B,-9.14%,https://companiesmarketcap.com/img/company-logos/256/601988.SS.png,logos\China601988.SS.png
Bank of,China601988.SS,2014,$184.65 B,49.78%,https://companiesmarketcap.com/img/company-logos/256/601988.SS.png,logos\China601988.SS.png
Bank of,China601988.SS,2013,$123.28 B,-4.38%,https://companiesmarketcap.com/img/company-logos/256/601988.SS.png,logos\China601988.SS.png
Bank of,China601988.SS,2012,$128.93 B,6.24%,https://companiesmarketcap.com/img/company-logos/256/601988.SS.png,logos\China601988.SS.png
Bank of,China601988.SS,2011,$121.36 B,-13.13%,https://companiesmarketcap.com/img/company-logos/256/601988.SS.png,logos\China601988.SS.png
Bank of,China601988.SS,2010,$139.69 B,-9.22%,https://companiesmarketcap.com/img/company-logos/256/601988.SS.png,logos\China601988.SS.png
Bank of,China601988.SS,2009,$153.87 B,56.47%,https://companiesmarketcap.com/img/company-logos/256/601988.SS.png,logos\China601988.SS.png
Bank of,China601988.SS,2008,$98.34 B,-49.83%,https://companiesmarketcap.com/img/company-logos/256/601988.SS.png,logos\China601988.SS.png
Bank of,China601988.SS,2007,$195.99 B,18.26%,https://companiesmarketcap.com/img/company-logos/256/601988.SS.png,logos\China601988.SS.png
Bank of,China601988.SS,2006,$165.72 B,,https://companiesmarketcap.com/img/company-logos/256/601988.SS.png,logos\China601988.SS.png
NetflixNFLX,,2026,$305.46 B,-23.69%,https://companiesmarketcap.com/img/company-logos/256/NFLX.png,logos\NetflixNFLX.png
NetflixNFLX,,2025,$400.29 B,3.19%,https://companiesmarketcap.com/img/company-logos/256/NFLX.png,logos\NetflixNFLX.png
NetflixNFLX,,2024,$387.93 B,82.05%,https://companiesmarketcap.com/img/company-logos/256/NFLX.png,logos\NetflixNFLX.png
NetflixNFLX,,2023,$213.09 B,62.39%,https://companiesmarketcap.com/img/company-logos/256/NFLX.png,logos\NetflixNFLX.png
NetflixNFLX,,2022,$131.22 B,-50.94%,https://companiesmarketcap.com/img/company-logos/256/NFLX.png,logos\NetflixNFLX.png
NetflixNFLX,,2021,$267.46 B,11.96%,https://companiesmarketcap.com/img/company-logos/256/NFLX.png,logos\NetflixNFLX.png
NetflixNFLX,,2020,$238.89 B,68.25%,https://companiesmarketcap.com/img/company-logos/256/NFLX.png,logos\NetflixNFLX.png
NetflixNFLX,,2019,$141.98 B,21.5%,https://companiesmarketcap.com/img/company-logos/256/NFLX.png,logos\NetflixNFLX.png
NetflixNFLX,,2018,$116.85 B,40.68%,https://companiesmarketcap.com/img/company-logos/256/NFLX.png,logos\NetflixNFLX.png
NetflixNFLX,,2017,$83.06 B,56.35%,https://companiesmarketcap.com/img/company-logos/256/NFLX.png,logos\NetflixNFLX.png
NetflixNFLX,,2016,$53.12 B,8.54%,https://companiesmarketcap.com/img/company-logos/256/NFLX.png,logos\NetflixNFLX.png
NetflixNFLX,,2015,$48.94 B,137.17%,https://companiesmarketcap.com/img/company-logos/256/NFLX.png,logos\NetflixNFLX.png
NetflixNFLX,,2014,$20.63 B,-5.95%,https://companiesmarketcap.com/img/company-logos/256/NFLX.png,logos\NetflixNFLX.png
NetflixNFLX,,2013,$21.94 B,326.39%,https://companiesmarketcap.com/img/company-logos/256/NFLX.png,logos\NetflixNFLX.png
NetflixNFLX,,2012,$5.14 B,41.47%,https://companiesmarketcap.com/img/company-logos/256/NFLX.png,logos\NetflixNFLX.png
NetflixNFLX,,2011,$3.63 B,-60.77%,https://companiesmarketcap.com/img/company-logos/256/NFLX.png,logos\NetflixNFLX.png
NetflixNFLX,,2010,$9.27 B,215%,https://companiesmarketcap.com/img/company-logos/256/NFLX.png,logos\NetflixNFLX.png
NetflixNFLX,,2009,$2.94 B,67.33%,https://companiesmarketcap.com/img/company-logos/256/NFLX.png,logos\NetflixNFLX.png
NetflixNFLX,,2008,$1.75 B,1.82%,https://companiesmarketcap.com/img/company-logos/256/NFLX.png,logos\NetflixNFLX.png
NetflixNFLX,,2007,$1.72 B,-2.61%,https://companiesmarketcap.com/img/company-logos/256/NFLX.png,logos\NetflixNFLX.png
NetflixNFLX,,2006,$1.77 B,19.75%,https://companiesmarketcap.com/img/company-logos/256/NFLX.png,logos\NetflixNFLX.png
NetflixNFLX,,2005,$1.48 B,127.89%,https://companiesmarketcap.com/img/company-logos/256/NFLX.png,logos\NetflixNFLX.png
NetflixNFLX,,2004,$0.65 B,-42.42%,https://companiesmarketcap.com/img/company-logos/256/NFLX.png,logos\NetflixNFLX.png
NetflixNFLX,,2003,$1.12 B,396.73%,https://companiesmarketcap.com/img/company-logos/256/NFLX.png,logos\NetflixNFLX.png
NetflixNFLX,,2002,$0.22 B,,https://companiesmarketcap.com/img/company-logos/256/NFLX.png,logos\NetflixNFLX.png
Palo Alto,NetworksPANW,2026,$304.09 B,131.52%,https://companiesmarketcap.com/img/company-logos/256/PANW.png,logos\NetworksPANW.png
Palo Alto,NetworksPANW,2025,$131.34 B,7.51%,https://companiesmarketcap.com/img/company-logos/256/PANW.png,logos\NetworksPANW.png
Palo Alto,NetworksPANW,2024,$122.17 B,31.4%,https://companiesmarketcap.com/img/company-logos/256/PANW.png,logos\NetworksPANW.png
Palo Alto,NetworksPANW,2023,$92.97 B,120.37%,https://companiesmarketcap.com/img/company-logos/256/PANW.png,logos\NetworksPANW.png
Palo Alto,NetworksPANW,2022,$42.19 B,-23.2%,https://companiesmarketcap.com/img/company-logos/256/PANW.png,logos\NetworksPANW.png
Palo Alto,NetworksPANW,2021,$54.93 B,59.64%,https://companiesmarketcap.com/img/company-logos/256/PANW.png,logos\NetworksPANW.png
Palo Alto,NetworksPANW,2020,$34.41 B,51.91%,https://companiesmarketcap.com/img/company-logos/256/PANW.png,logos\NetworksPANW.png
Palo Alto,NetworksPANW,2019,$22.65 B,26.76%,https://companiesmarketcap.com/img/company-logos/256/PANW.png,logos\NetworksPANW.png
Palo Alto,NetworksPANW,2018,$17.87 B,34.18%,https://companiesmarketcap.com/img/company-logos/256/PANW.png,logos\NetworksPANW.png
Palo Alto,NetworksPANW,2017,$13.31 B,16.16%,https://companiesmarketcap.com/img/company-logos/256/PANW.png,logos\NetworksPANW.png
Palo Alto,NetworksPANW,2016,$11.46 B,-24.23%,https://companiesmarketcap.com/img/company-logos/256/PANW.png,logos\NetworksPANW.png
Palo Alto,NetworksPANW,2015,$15.13 B,53.27%,https://companiesmarketcap.com/img/company-logos/256/PANW.png,logos\NetworksPANW.png
Palo Alto,NetworksPANW,2014,$9.87 B,136.97%,https://companiesmarketcap.com/img/company-logos/256/PANW.png,logos\NetworksPANW.png
Palo Alto,NetworksPANW,2013,$4.16 B,13.72%,https://companiesmarketcap.com/img/company-logos/256/PANW.png,logos\NetworksPANW.png
Palo Alto,NetworksPANW,2012,$3.66 B,,https://companiesmarketcap.com/img/company-logos/256/PANW.png,logos\NetworksPANW.png
Home,DepotHD,2026,$296.51 B,-14.85%,https://companiesmarketcap.com/img/company-logos/256/HD.png,logos\DepotHD.png
Home,DepotHD,2025,$348.21 B,-10.77%,https://companiesmarketcap.com/img/company-logos/256/HD.png,logos\DepotHD.png
Home,DepotHD,2024,$390.25 B,13.15%,https://companiesmarketcap.com/img/company-logos/256/HD.png,logos\DepotHD.png
Home,DepotHD,2023,$344.90 B,7.14%,https://companiesmarketcap.com/img/company-logos/256/HD.png,logos\DepotHD.png
Home,DepotHD,2022,$321.92 B,-25.72%,https://companiesmarketcap.com/img/company-logos/256/HD.png,logos\DepotHD.png
Home,DepotHD,2021,$433.36 B,51.55%,https://companiesmarketcap.com/img/company-logos/256/HD.png,logos\DepotHD.png
Home,DepotHD,2020,$285.96 B,20.05%,https://companiesmarketcap.com/img/company-logos/256/HD.png,logos\DepotHD.png
Home,DepotHD,2019,$238.21 B,22.74%,https://companiesmarketcap.com/img/company-logos/256/HD.png,logos\DepotHD.png
Home,DepotHD,2018,$194.07 B,-12.31%,https://companiesmarketcap.com/img/company-logos/256/HD.png,logos\DepotHD.png
Home,DepotHD,2017,$221.32 B,35.51%,https://companiesmarketcap.com/img/company-logos/256/HD.png,logos\DepotHD.png
Home,DepotHD,2016,$163.33 B,-2.59%,https://companiesmarketcap.com/img/company-logos/256/HD.png,logos\DepotHD.png
Home,DepotHD,2015,$167.67 B,21.21%,https://companiesmarketcap.com/img/company-logos/256/HD.png,logos\DepotHD.png
Home,DepotHD,2014,$138.33 B,19.3%,https://companiesmarketcap.com/img/company-logos/256/HD.png,logos\DepotHD.png
Home,DepotHD,2013,$115.95 B,25.39%,https://companiesmarketcap.com/img/company-logos/256/HD.png,logos\DepotHD.png
Home,DepotHD,2012,$92.47 B,42.69%,https://companiesmarketcap.com/img/company-logos/256/HD.png,logos\DepotHD.png
Home,DepotHD,2011,$64.80 B,12.79%,https://companiesmarketcap.com/img/company-logos/256/HD.png,logos\DepotHD.png
Home,DepotHD,2010,$57.45 B,16.8%,https://companiesmarketcap.com/img/company-logos/256/HD.png,logos\DepotHD.png
Home,DepotHD,2009,$49.19 B,26.04%,https://companiesmarketcap.com/img/company-logos/256/HD.png,logos\DepotHD.png
Home,DepotHD,2008,$39.02 B,-14.15%,https://companiesmarketcap.com/img/company-logos/256/HD.png,logos\DepotHD.png
Home,DepotHD,2007,$45.46 B,-44.53%,https://companiesmarketcap.com/img/company-logos/256/HD.png,logos\DepotHD.png
Home,DepotHD,2006,$81.96 B,-4.69%,https://companiesmarketcap.com/img/company-logos/256/HD.png,logos\DepotHD.png
Home,DepotHD,2005,$85.99 B,-8.38%,https://companiesmarketcap.com/img/company-logos/256/HD.png,logos\DepotHD.png
Home,DepotHD,2004,$93.85 B,16.23%,https://companiesmarketcap.com/img/company-logos/256/HD.png,logos\DepotHD.png
Home,DepotHD,2003,$80.74 B,44.9%,https://companiesmarketcap.com/img/company-logos/256/HD.png,logos\DepotHD.png
Home,DepotHD,2002,$55.72 B,-53.7%,https://companiesmarketcap.com/img/company-logos/256/HD.png,logos\DepotHD.png
Home,DepotHD,2001,$120.35 B,13.48%,https://companiesmarketcap.com/img/company-logos/256/HD.png,logos\DepotHD.png
Home,DepotHD,2000,$106.05 B,-33.01%,https://companiesmarketcap.com/img/company-logos/256/HD.png,logos\DepotHD.png
Home,DepotHD,1999,$158.31 B,87.98%,https://companiesmarketcap.com/img/company-logos/256/HD.png,logos\DepotHD.png
Home,DepotHD,1998,$84.21 B,109.57%,https://companiesmarketcap.com/img/company-logos/256/HD.png,logos\DepotHD.png
Home,DepotHD,1997,$40.18 B,79.9%,https://companiesmarketcap.com/img/company-logos/256/HD.png,logos\DepotHD.png
Home,DepotHD,1996,$22.33 B,,https://companiesmarketcap.com/img/company-logos/256/HD.png,logos\DepotHD.png
Philip Morris,InternationalPM,2026,$292.20 B,16.56%,https://companiesmarketcap.com/img/company-logos/256/PM.png,logos\InternationalPM.png
Philip Morris,InternationalPM,2025,$250.69 B,32.76%,https://companiesmarketcap.com/img/company-logos/256/PM.png,logos\InternationalPM.png
Philip Morris,InternationalPM,2024,$188.83 B,29.29%,https://companiesmarketcap.com/img/company-logos/256/PM.png,logos\InternationalPM.png
Philip Morris,InternationalPM,2023,$146.05 B,-6.91%,https://companiesmarketcap.com/img/company-logos/256/PM.png,logos\InternationalPM.png
Philip Morris,InternationalPM,2022,$156.89 B,6.08%,https://companiesmarketcap.com/img/company-logos/256/PM.png,logos\InternationalPM.png
Philip Morris,InternationalPM,2021,$147.89 B,14.71%,https://companiesmarketcap.com/img/company-logos/256/PM.png,logos\InternationalPM.png
Philip Morris,InternationalPM,2020,$128.93 B,-2.61%,https://companiesmarketcap.com/img/company-logos/256/PM.png,logos\InternationalPM.png
Philip Morris,InternationalPM,2019,$132.39 B,27.56%,https://companiesmarketcap.com/img/company-logos/256/PM.png,logos\InternationalPM.png
Philip Morris,InternationalPM,2018,$103.78 B,-36.75%,https://companiesmarketcap.com/img/company-logos/256/PM.png,logos\InternationalPM.png
Philip Morris,InternationalPM,2017,$164.09 B,15.62%,https://companiesmarketcap.com/img/company-logos/256/PM.png,logos\InternationalPM.png
Philip Morris,InternationalPM,2016,$141.93 B,4.21%,https://companiesmarketcap.com/img/company-logos/256/PM.png,logos\InternationalPM.png
Philip Morris,InternationalPM,2015,$136.20 B,8.1%,https://companiesmarketcap.com/img/company-logos/256/PM.png,logos\InternationalPM.png
Philip Morris,InternationalPM,2014,$125.99 B,-9%,https://companiesmarketcap.com/img/company-logos/256/PM.png,logos\InternationalPM.png
Philip Morris,InternationalPM,2013,$138.44 B,0.1%,https://companiesmarketcap.com/img/company-logos/256/PM.png,logos\InternationalPM.png
Philip Morris,InternationalPM,2012,$138.30 B,1.46%,https://companiesmarketcap.com/img/company-logos/256/PM.png,logos\InternationalPM.png
Philip Morris,InternationalPM,2011,$136.31 B,29.26%,https://companiesmarketcap.com/img/company-logos/256/PM.png,logos\InternationalPM.png
Philip Morris,InternationalPM,2010,$105.45 B,15.96%,https://companiesmarketcap.com/img/company-logos/256/PM.png,logos\InternationalPM.png
Philip Morris,InternationalPM,2009,$90.94 B,3.32%,https://companiesmarketcap.com/img/company-logos/256/PM.png,logos\InternationalPM.png
Philip Morris,InternationalPM,2008,$88.02 B,,https://companiesmarketcap.com/img/company-logos/256/PM.png,logos\InternationalPM.png
AlibabaBABA,,2026,$287.71 B,-20.8%,https://companiesmarketcap.com/img/company-logos/256/BABA.png,logos\AlibabaBABA.png
AlibabaBABA,,2025,$363.25 B,79.31%,https://companiesmarketcap.com/img/company-logos/256/BABA.png,logos\AlibabaBABA.png
AlibabaBABA,,2024,$202.57 B,2.02%,https://companiesmarketcap.com/img/company-logos/256/BABA.png,logos\AlibabaBABA.png
AlibabaBABA,,2023,$198.56 B,-14.86%,https://companiesmarketcap.com/img/company-logos/256/BABA.png,logos\AlibabaBABA.png
AlibabaBABA,,2022,$233.22 B,-29.47%,https://companiesmarketcap.com/img/company-logos/256/BABA.png,logos\AlibabaBABA.png
AlibabaBABA,,2021,$330.67 B,-49%,https://companiesmarketcap.com/img/company-logos/256/BABA.png,logos\AlibabaBABA.png
AlibabaBABA,,2020,$648.31 B,13.55%,https://companiesmarketcap.com/img/company-logos/256/BABA.png,logos\AlibabaBABA.png
AlibabaBABA,,2019,$570.94 B,61.96%,https://companiesmarketcap.com/img/company-logos/256/BABA.png,logos\AlibabaBABA.png
AlibabaBABA,,2018,$352.53 B,-20.32%,https://companiesmarketcap.com/img/company-logos/256/BABA.png,logos\AlibabaBABA.png
AlibabaBABA,,2017,$442.42 B,101.54%,https://companiesmarketcap.com/img/company-logos/256/BABA.png,logos\AlibabaBABA.png
AlibabaBABA,,2016,$219.52 B,8.24%,https://companiesmarketcap.com/img/company-logos/256/BABA.png,logos\AlibabaBABA.png
AlibabaBABA,,2015,$202.80 B,-21.55%,https://companiesmarketcap.com/img/company-logos/256/BABA.png,logos\AlibabaBABA.png
AlibabaBABA,,2014,$258.53 B,,https://companiesmarketcap.com/img/company-logos/256/BABA.png,logos\AlibabaBABA.png
Royal Bank Of,CanadaRY,2026,$285.45 B,18.47%,https://companiesmarketcap.com/img/company-logos/256/RY.png,logos\CanadaRY.png
Royal Bank Of,CanadaRY,2025,$240.96 B,40.93%,https://companiesmarketcap.com/img/company-logos/256/RY.png,logos\CanadaRY.png
Royal Bank Of,CanadaRY,2024,$170.98 B,20%,https://companiesmarketcap.com/img/company-logos/256/RY.png,logos\CanadaRY.png
Royal Bank Of,CanadaRY,2023,$142.48 B,9.59%,https://companiesmarketcap.com/img/company-logos/256/RY.png,logos\CanadaRY.png
Royal Bank Of,CanadaRY,2022,$130.01 B,-13.33%,https://companiesmarketcap.com/img/company-logos/256/RY.png,logos\CanadaRY.png
Royal Bank Of,CanadaRY,2021,$150.00 B,28.52%,https://companiesmarketcap.com/img/company-logos/256/RY.png,logos\CanadaRY.png
Royal Bank Of,CanadaRY,2020,$116.72 B,3.76%,https://companiesmarketcap.com/img/company-logos/256/RY.png,logos\CanadaRY.png
Royal Bank Of,CanadaRY,2019,$112.49 B,13.96%,https://companiesmarketcap.com/img/company-logos/256/RY.png,logos\CanadaRY.png
Royal Bank Of,CanadaRY,2018,$98.70 B,-16.83%,https://companiesmarketcap.com/img/company-logos/256/RY.png,logos\CanadaRY.png
Royal Bank Of,CanadaRY,2017,$118.67 B,18.54%,https://companiesmarketcap.com/img/company-logos/256/RY.png,logos\CanadaRY.png
Royal Bank Of,CanadaRY,2016,$100.11 B,29.8%,https://companiesmarketcap.com/img/company-logos/256/RY.png,logos\CanadaRY.png
Royal Bank Of,CanadaRY,2015,$77.12 B,-22.63%,https://companiesmarketcap.com/img/company-logos/256/RY.png,logos\CanadaRY.png
Royal Bank Of,CanadaRY,2014,$99.68 B,3.15%,https://companiesmarketcap.com/img/company-logos/256/RY.png,logos\CanadaRY.png
Royal Bank Of,CanadaRY,2013,$96.64 B,11.09%,https://companiesmarketcap.com/img/company-logos/256/RY.png,logos\CanadaRY.png
Royal Bank Of,CanadaRY,2012,$86.99 B,18.79%,https://companiesmarketcap.com/img/company-logos/256/RY.png,logos\CanadaRY.png
Royal Bank Of,CanadaRY,2011,$73.23 B,-1.75%,https://companiesmarketcap.com/img/company-logos/256/RY.png,logos\CanadaRY.png
Royal Bank Of,CanadaRY,2010,$74.53 B,-2.38%,https://companiesmarketcap.com/img/company-logos/256/RY.png,logos\CanadaRY.png
Royal Bank Of,CanadaRY,2009,$76.35 B,91.94%,https://companiesmarketcap.com/img/company-logos/256/RY.png,logos\CanadaRY.png
Royal Bank Of,CanadaRY,2008,$39.78 B,-38.93%,https://companiesmarketcap.com/img/company-logos/256/RY.png,logos\CanadaRY.png
Royal Bank Of,CanadaRY,2007,$65.13 B,6.72%,https://companiesmarketcap.com/img/company-logos/256/RY.png,logos\CanadaRY.png
Royal Bank Of,CanadaRY,2006,$61.03 B,20.94%,https://companiesmarketcap.com/img/company-logos/256/RY.png,logos\CanadaRY.png
Royal Bank Of,CanadaRY,2005,$50.46 B,46.42%,https://companiesmarketcap.com/img/company-logos/256/RY.png,logos\CanadaRY.png
Royal Bank Of,CanadaRY,2004,$34.46 B,10.2%,https://companiesmarketcap.com/img/company-logos/256/RY.png,logos\CanadaRY.png
Royal Bank Of,CanadaRY,2003,$31.27 B,27.98%,https://companiesmarketcap.com/img/company-logos/256/RY.png,logos\CanadaRY.png
Royal Bank Of,CanadaRY,2002,$24.44 B,11.34%,https://companiesmarketcap.com/img/company-logos/256/RY.png,logos\CanadaRY.png
Royal Bank Of,CanadaRY,2001,$21.95 B,7.58%,https://companiesmarketcap.com/img/company-logos/256/RY.png,logos\CanadaRY.png
Royal Bank Of,CanadaRY,2000,$20.40 B,49.72%,https://companiesmarketcap.com/img/company-logos/256/RY.png,logos\CanadaRY.png
Royal Bank Of,CanadaRY,1999,$13.62 B,-11.71%,https://companiesmarketcap.com/img/company-logos/256/RY.png,logos\CanadaRY.png
Royal Bank Of,CanadaRY,1998,$15.43 B,-5.54%,https://companiesmarketcap.com/img/company-logos/256/RY.png,logos\CanadaRY.png
Royal Bank Of,CanadaRY,1997,$16.34 B,50.37%,https://companiesmarketcap.com/img/company-logos/256/RY.png,logos\CanadaRY.png
Royal Bank Of,CanadaRY,1996,$10.86 B,,https://companiesmarketcap.com/img/company-logos/256/RY.png,logos\CanadaRY.png
Goldman,SachsGS,2026,$279.34 B,1.74%,https://companiesmarketcap.com/img/company-logos/256/GS.png,logos\SachsGS.png
Goldman,SachsGS,2025,$274.58 B,51.81%,https://companiesmarketcap.com/img/company-logos/256/GS.png,logos\SachsGS.png
Goldman,SachsGS,2024,$180.86 B,43.77%,https://companiesmarketcap.com/img/company-logos/256/GS.png,logos\SachsGS.png
Goldman,SachsGS,2023,$125.80 B,8.19%,https://companiesmarketcap.com/img/company-logos/256/GS.png,logos\SachsGS.png
Goldman,SachsGS,2022,$116.28 B,-8.88%,https://companiesmarketcap.com/img/company-logos/256/GS.png,logos\SachsGS.png
Goldman,SachsGS,2021,$127.61 B,40.64%,https://companiesmarketcap.com/img/company-logos/256/GS.png,logos\SachsGS.png
Goldman,SachsGS,2020,$90.73 B,13.61%,https://companiesmarketcap.com/img/company-logos/256/GS.png,logos\SachsGS.png
Goldman,SachsGS,2019,$79.86 B,30.01%,https://companiesmarketcap.com/img/company-logos/256/GS.png,logos\SachsGS.png
Goldman,SachsGS,2018,$61.43 B,-36.07%,https://companiesmarketcap.com/img/company-logos/256/GS.png,logos\SachsGS.png
Goldman,SachsGS,2017,$96.09 B,0.92%,https://companiesmarketcap.com/img/company-logos/256/GS.png,logos\SachsGS.png
Goldman,SachsGS,2016,$95.21 B,25.94%,https://companiesmarketcap.com/img/company-logos/256/GS.png,logos\SachsGS.png
Goldman,SachsGS,2015,$75.60 B,-9.35%,https://companiesmarketcap.com/img/company-logos/256/GS.png,logos\SachsGS.png
Goldman,SachsGS,2014,$83.39 B,5.4%,https://companiesmarketcap.com/img/company-logos/256/GS.png,logos\SachsGS.png
Goldman,SachsGS,2013,$79.12 B,33.35%,https://companiesmarketcap.com/img/company-logos/256/GS.png,logos\SachsGS.png
Goldman,SachsGS,2012,$59.33 B,33.28%,https://companiesmarketcap.com/img/company-logos/256/GS.png,logos\SachsGS.png
Goldman,SachsGS,2011,$44.51 B,-47.84%,https://companiesmarketcap.com/img/company-logos/256/GS.png,logos\SachsGS.png
Goldman,SachsGS,2010,$85.34 B,-1.87%,https://companiesmarketcap.com/img/company-logos/256/GS.png,logos\SachsGS.png
Goldman,SachsGS,2009,$86.97 B,160.62%,https://companiesmarketcap.com/img/company-logos/256/GS.png,logos\SachsGS.png
Goldman,SachsGS,2008,$33.37 B,-60.28%,https://companiesmarketcap.com/img/company-logos/256/GS.png,logos\SachsGS.png
Goldman,SachsGS,2007,$84.01 B,2.13%,https://companiesmarketcap.com/img/company-logos/256/GS.png,logos\SachsGS.png
Goldman,SachsGS,2006,$82.26 B,47.35%,https://companiesmarketcap.com/img/company-logos/256/GS.png,logos\SachsGS.png
Goldman,SachsGS,2005,$55.83 B,11.58%,https://companiesmarketcap.com/img/company-logos/256/GS.png,logos\SachsGS.png
Goldman,SachsGS,2004,$50.03 B,6.23%,https://companiesmarketcap.com/img/company-logos/256/GS.png,logos\SachsGS.png
Goldman,SachsGS,2003,$47.10 B,46.25%,https://companiesmarketcap.com/img/company-logos/256/GS.png,logos\SachsGS.png
Goldman,SachsGS,2002,$32.20 B,-27.08%,https://companiesmarketcap.com/img/company-logos/256/GS.png,logos\SachsGS.png
Goldman,SachsGS,2001,$44.17 B,-7.98%,https://companiesmarketcap.com/img/company-logos/256/GS.png,logos\SachsGS.png
Goldman,SachsGS,2000,$48.00 B,13.54%,https://companiesmarketcap.com/img/company-logos/256/GS.png,logos\SachsGS.png
Goldman,SachsGS,1999,$42.27 B,,https://companiesmarketcap.com/img/company-logos/256/GS.png,logos\SachsGS.png
NovartisNVS,,2026,$267.96 B,0.34%,https://companiesmarketcap.com/img/company-logos/256/NVS.png,logos\NovartisNVS.png
NovartisNVS,,2025,$267.05 B,35.76%,https://companiesmarketcap.com/img/company-logos/256/NVS.png,logos\NovartisNVS.png
NovartisNVS,,2024,$196.70 B,-5.22%,https://companiesmarketcap.com/img/company-logos/256/NVS.png,logos\NovartisNVS.png
NovartisNVS,,2023,$207.53 B,6.35%,https://companiesmarketcap.com/img/company-logos/256/NVS.png,logos\NovartisNVS.png
NovartisNVS,,2022,$195.13 B,-0.68%,https://companiesmarketcap.com/img/company-logos/256/NVS.png,logos\NovartisNVS.png
NovartisNVS,,2021,$196.46 B,-9.78%,https://companiesmarketcap.com/img/company-logos/256/NVS.png,logos\NovartisNVS.png
NovartisNVS,,2020,$217.77 B,1.37%,https://companiesmarketcap.com/img/company-logos/256/NVS.png,logos\NovartisNVS.png
NovartisNVS,,2019,$214.83 B,8.9%,https://companiesmarketcap.com/img/company-logos/256/NVS.png,logos\NovartisNVS.png
NovartisNVS,,2018,$197.28 B,0.05%,https://companiesmarketcap.com/img/company-logos/256/NVS.png,logos\NovartisNVS.png
NovartisNVS,,2017,$197.18 B,13.99%,https://companiesmarketcap.com/img/company-logos/256/NVS.png,logos\NovartisNVS.png
NovartisNVS,,2016,$172.98 B,-17.02%,https://companiesmarketcap.com/img/company-logos/256/NVS.png,logos\NovartisNVS.png
NovartisNVS,,2015,$208.46 B,-6.94%,https://companiesmarketcap.com/img/company-logos/256/NVS.png,logos\NovartisNVS.png
NovartisNVS,,2014,$224.01 B,15.09%,https://companiesmarketcap.com/img/company-logos/256/NVS.png,logos\NovartisNVS.png
NovartisNVS,,2013,$194.64 B,27.77%,https://companiesmarketcap.com/img/company-logos/256/NVS.png,logos\NovartisNVS.png
NovartisNVS,,2012,$152.33 B,10.31%,https://companiesmarketcap.com/img/company-logos/256/NVS.png,logos\NovartisNVS.png
NovartisNVS,,2011,$138.09 B,2.61%,https://companiesmarketcap.com/img/company-logos/256/NVS.png,logos\NovartisNVS.png
NovartisNVS,,2010,$134.58 B,7.64%,https://companiesmarketcap.com/img/company-logos/256/NVS.png,logos\NovartisNVS.png
NovartisNVS,,2009,$125.03 B,10.95%,https://companiesmarketcap.com/img/company-logos/256/NVS.png,logos\NovartisNVS.png
NovartisNVS,,2008,$112.69 B,-8.36%,https://companiesmarketcap.com/img/company-logos/256/NVS.png,logos\NovartisNVS.png
NovartisNVS,,2007,$122.98 B,-8.82%,https://companiesmarketcap.com/img/company-logos/256/NVS.png,logos\NovartisNVS.png
NovartisNVS,,2006,$134.88 B,10.03%,https://companiesmarketcap.com/img/company-logos/256/NVS.png,logos\NovartisNVS.png
NovartisNVS,,2005,$122.58 B,-0.05%,https://companiesmarketcap.com/img/company-logos/256/NVS.png,logos\NovartisNVS.png
NovartisNVS,,2004,$122.65 B,8.31%,https://companiesmarketcap.com/img/company-logos/256/NVS.png,logos\NovartisNVS.png
NovartisNVS,,2003,$113.24 B,24.58%,https://companiesmarketcap.com/img/company-logos/256/NVS.png,logos\NovartisNVS.png
NovartisNVS,,2002,$90.90 B,-2.26%,https://companiesmarketcap.com/img/company-logos/256/NVS.png,logos\NovartisNVS.png
NovartisNVS,,2001,$93.00 B,-20.27%,https://companiesmarketcap.com/img/company-logos/256/NVS.png,logos\NovartisNVS.png
NovartisNVS,,2000,$116.64 B,21.34%,https://companiesmarketcap.com/img/company-logos/256/NVS.png,logos\NovartisNVS.png
NovartisNVS,,1999,$96.13 B,-28.38%,https://companiesmarketcap.com/img/company-logos/256/NVS.png,logos\NovartisNVS.png
NovartisNVS,,1998,$134.22 B,,https://companiesmarketcap.com/img/company-logos/256/NVS.png,logos\NovartisNVS.png
ShellSHEL,,2026,$266.35 B,28.41%,https://companiesmarketcap.com/img/company-logos/256/SHEL.png,logos\ShellSHEL.png
ShellSHEL,,2025,$207.43 B,10.63%,https://companiesmarketcap.com/img/company-logos/256/SHEL.png,logos\ShellSHEL.png
ShellSHEL,,2024,$187.50 B,-12.19%,https://companiesmarketcap.com/img/company-logos/256/SHEL.png,logos\ShellSHEL.png
ShellSHEL,,2023,$213.52 B,8.79%,https://companiesmarketcap.com/img/company-logos/256/SHEL.png,logos\ShellSHEL.png
ShellSHEL,,2022,$196.27 B,118.64%,https://companiesmarketcap.com/img/company-logos/256/SHEL.png,logos\ShellSHEL.png
ShellSHEL,,2021,$89.76 B,23.76%,https://companiesmarketcap.com/img/company-logos/256/SHEL.png,logos\ShellSHEL.png
ShellSHEL,,2020,$72.53 B,-40.38%,https://companiesmarketcap.com/img/company-logos/256/SHEL.png,logos\ShellSHEL.png
ShellSHEL,,2019,$121.66 B,-7.08%,https://companiesmarketcap.com/img/company-logos/256/SHEL.png,logos\ShellSHEL.png
ShellSHEL,,2018,$130.93 B,-14.54%,https://companiesmarketcap.com/img/company-logos/256/SHEL.png,logos\ShellSHEL.png
ShellSHEL,,2017,$153.21 B,25.57%,https://companiesmarketcap.com/img/company-logos/256/SHEL.png,logos\ShellSHEL.png
ShellSHEL,,2016,$122.01 B,35.23%,https://companiesmarketcap.com/img/company-logos/256/SHEL.png,logos\ShellSHEL.png
ShellSHEL,,2015,$90.22 B,-30.94%,https://companiesmarketcap.com/img/company-logos/256/SHEL.png,logos\ShellSHEL.png
ShellSHEL,,2014,$130.65 B,-6.03%,https://companiesmarketcap.com/img/company-logos/256/SHEL.png,logos\ShellSHEL.png
ShellSHEL,,2013,$139.03 B,10.52%,https://companiesmarketcap.com/img/company-logos/256/SHEL.png,logos\ShellSHEL.png
ShellSHEL,,2012,$125.80 B,29.34%,https://companiesmarketcap.com/img/company-logos/256/SHEL.png,logos\ShellSHEL.png
ShellSHEL,,2011,$97.26 B,8.05%,https://companiesmarketcap.com/img/company-logos/256/SHEL.png,logos\ShellSHEL.png
ShellSHEL,,2010,$90.01 B,11.1%,https://companiesmarketcap.com/img/company-logos/256/SHEL.png,logos\ShellSHEL.png
ShellSHEL,,2009,$81.02 B,13.54%,https://companiesmarketcap.com/img/company-logos/256/SHEL.png,logos\ShellSHEL.png
ShellSHEL,,2008,$71.35 B,-38.57%,https://companiesmarketcap.com/img/company-logos/256/SHEL.png,logos\ShellSHEL.png
ShellSHEL,,2007,$116.16 B,18.94%,https://companiesmarketcap.com/img/company-logos/256/SHEL.png,logos\ShellSHEL.png
ShellSHEL,,2006,$97.66 B,15.12%,https://companiesmarketcap.com/img/company-logos/256/SHEL.png,logos\ShellSHEL.png
ShellSHEL,,2005,$84.83 B,-55.99%,https://companiesmarketcap.com/img/company-logos/256/SHEL.png,logos\ShellSHEL.png
ShellSHEL,,2004,$192.75 B,9.52%,https://companiesmarketcap.com/img/company-logos/256/SHEL.png,logos\ShellSHEL.png
ShellSHEL,,2003,$175.98 B,19.01%,https://companiesmarketcap.com/img/company-logos/256/SHEL.png,logos\ShellSHEL.png
ShellSHEL,,2002,$147.87 B,,https://companiesmarketcap.com/img/company-logos/256/SHEL.png,logos\ShellSHEL.png
Mitsubishi UFJ,FinancialMUFG,2026,$263.61 B,45.91%,https://companiesmarketcap.com/img/company-logos/256/MUFG.png,logos\FinancialMUFG.png
Mitsubishi UFJ,FinancialMUFG,2025,$180.66 B,33.2%,https://companiesmarketcap.com/img/company-logos/256/MUFG.png,logos\FinancialMUFG.png
Mitsubishi UFJ,FinancialMUFG,2024,$135.63 B,31.13%,https://companiesmarketcap.com/img/company-logos/256/MUFG.png,logos\FinancialMUFG.png
Mitsubishi UFJ,FinancialMUFG,2023,$103.43 B,20.56%,https://companiesmarketcap.com/img/company-logos/256/MUFG.png,logos\FinancialMUFG.png
Mitsubishi UFJ,FinancialMUFG,2022,$85.79 B,24.18%,https://companiesmarketcap.com/img/company-logos/256/MUFG.png,logos\FinancialMUFG.png
Mitsubishi UFJ,FinancialMUFG,2021,$69.08 B,21.63%,https://companiesmarketcap.com/img/company-logos/256/MUFG.png,logos\FinancialMUFG.png
Mitsubishi UFJ,FinancialMUFG,2020,$56.80 B,-18.79%,https://companiesmarketcap.com/img/company-logos/256/MUFG.png,logos\FinancialMUFG.png
Mitsubishi UFJ,FinancialMUFG,2019,$69.94 B,11.05%,https://companiesmarketcap.com/img/company-logos/256/MUFG.png,logos\FinancialMUFG.png
Mitsubishi UFJ,FinancialMUFG,2018,$62.99 B,-35.11%,https://companiesmarketcap.com/img/company-logos/256/MUFG.png,logos\FinancialMUFG.png
Mitsubishi UFJ,FinancialMUFG,2017,$97.06 B,15.41%,https://companiesmarketcap.com/img/company-logos/256/MUFG.png,logos\FinancialMUFG.png
Mitsubishi UFJ,FinancialMUFG,2016,$84.10 B,-2.93%,https://companiesmarketcap.com/img/company-logos/256/MUFG.png,logos\FinancialMUFG.png
Mitsubishi UFJ,FinancialMUFG,2015,$86.64 B,11.14%,https://companiesmarketcap.com/img/company-logos/256/MUFG.png,logos\FinancialMUFG.png
Mitsubishi UFJ,FinancialMUFG,2014,$77.96 B,-16.76%,https://companiesmarketcap.com/img/company-logos/256/MUFG.png,logos\FinancialMUFG.png
Mitsubishi UFJ,FinancialMUFG,2013,$93.65 B,23.47%,https://companiesmarketcap.com/img/company-logos/256/MUFG.png,logos\FinancialMUFG.png
Mitsubishi UFJ,FinancialMUFG,2012,$75.85 B,27.45%,https://companiesmarketcap.com/img/company-logos/256/MUFG.png,logos\FinancialMUFG.png
Mitsubishi UFJ,FinancialMUFG,2011,$59.52 B,-21.86%,https://companiesmarketcap.com/img/company-logos/256/MUFG.png,logos\FinancialMUFG.png
Mitsubishi UFJ,FinancialMUFG,2010,$76.17 B,10.93%,https://companiesmarketcap.com/img/company-logos/256/MUFG.png,logos\FinancialMUFG.png
Mitsubishi UFJ,FinancialMUFG,2009,$68.67 B,-4.41%,https://companiesmarketcap.com/img/company-logos/256/MUFG.png,logos\FinancialMUFG.png
Mitsubishi UFJ,FinancialMUFG,2008,$71.84 B,-21.27%,https://companiesmarketcap.com/img/company-logos/256/MUFG.png,logos\FinancialMUFG.png
Mitsubishi UFJ,FinancialMUFG,2007,$91.25 B,-24.16%,https://companiesmarketcap.com/img/company-logos/256/MUFG.png,logos\FinancialMUFG.png
Mitsubishi UFJ,FinancialMUFG,2006,$120.31 B,34.42%,https://companiesmarketcap.com/img/company-logos/256/MUFG.png,logos\FinancialMUFG.png
Mitsubishi UFJ,FinancialMUFG,2005,$89.50 B,34.41%,https://companiesmarketcap.com/img/company-logos/256/MUFG.png,logos\FinancialMUFG.png
Mitsubishi UFJ,FinancialMUFG,2004,$66.59 B,33.82%,https://companiesmarketcap.com/img/company-logos/256/MUFG.png,logos\FinancialMUFG.png
Mitsubishi UFJ,FinancialMUFG,2003,$49.76 B,61.98%,https://companiesmarketcap.com/img/company-logos/256/MUFG.png,logos\FinancialMUFG.png
Mitsubishi UFJ,FinancialMUFG,2002,$30.72 B,1.56%,https://companiesmarketcap.com/img/company-logos/256/MUFG.png,logos\FinancialMUFG.png
Mitsubishi UFJ,FinancialMUFG,2001,$30.25 B,-33.22%,https://companiesmarketcap.com/img/company-logos/256/MUFG.png,logos\FinancialMUFG.png
Mitsubishi UFJ,FinancialMUFG,2000,$45.29 B,-30.49%,https://companiesmarketcap.com/img/company-logos/256/MUFG.png,logos\FinancialMUFG.png
Mitsubishi UFJ,FinancialMUFG,1999,$65.16 B,32.99%,https://companiesmarketcap.com/img/company-logos/256/MUFG.png,logos\FinancialMUFG.png
Mitsubishi UFJ,FinancialMUFG,1998,$49.00 B,-25.34%,https://companiesmarketcap.com/img/company-logos/256/MUFG.png,logos\FinancialMUFG.png
Mitsubishi UFJ,FinancialMUFG,1997,$65.62 B,-25.49%,https://companiesmarketcap.com/img/company-logos/256/MUFG.png,logos\FinancialMUFG.png
Mitsubishi UFJ,FinancialMUFG,1996,$88.08 B,,https://companiesmarketcap.com/img/company-logos/256/MUFG.png,logos\FinancialMUFG.png
RTXRTX,,2026,$261.92 B,5.5%,https://companiesmarketcap.com/img/company-logos/256/RTX.png,logos\RTXRTX.png
RTXRTX,,2025,$248.27 B,59.82%,https://companiesmarketcap.com/img/company-logos/256/RTX.png,logos\RTXRTX.png
RTXRTX,,2024,$155.34 B,28.4%,https://companiesmarketcap.com/img/company-logos/256/RTX.png,logos\RTXRTX.png
RTXRTX,,2023,$120.98 B,-18.45%,https://companiesmarketcap.com/img/company-logos/256/RTX.png,logos\RTXRTX.png
RTXRTX,,2022,$148.35 B,15.17%,https://companiesmarketcap.com/img/company-logos/256/RTX.png,logos\RTXRTX.png
RTXRTX,,2021,$128.81 B,18.61%,https://companiesmarketcap.com/img/company-logos/256/RTX.png,logos\RTXRTX.png
RTXRTX,,2020,$108.60 B,-16.1%,https://companiesmarketcap.com/img/company-logos/256/RTX.png,logos\RTXRTX.png
RTXRTX,,2019,$129.44 B,41.12%,https://companiesmarketcap.com/img/company-logos/256/RTX.png,logos\RTXRTX.png
RTXRTX,,2018,$91.73 B,-9.96%,https://companiesmarketcap.com/img/company-logos/256/RTX.png,logos\RTXRTX.png
RTXRTX,,2017,$101.87 B,12.86%,https://companiesmarketcap.com/img/company-logos/256/RTX.png,logos\RTXRTX.png
RTXRTX,,2016,$90.26 B,12.07%,https://companiesmarketcap.com/img/company-logos/256/RTX.png,logos\RTXRTX.png
RTXRTX,,2015,$80.53 B,-22.99%,https://companiesmarketcap.com/img/company-logos/256/RTX.png,logos\RTXRTX.png
RTXRTX,,2014,$104.57 B,0.25%,https://companiesmarketcap.com/img/company-logos/256/RTX.png,logos\RTXRTX.png
RTXRTX,,2013,$104.31 B,38.44%,https://companiesmarketcap.com/img/company-logos/256/RTX.png,logos\RTXRTX.png
RTXRTX,,2012,$75.35 B,13.78%,https://companiesmarketcap.com/img/company-logos/256/RTX.png,logos\RTXRTX.png
RTXRTX,,2011,$66.22 B,-8.68%,https://companiesmarketcap.com/img/company-logos/256/RTX.png,logos\RTXRTX.png
RTXRTX,,2010,$72.52 B,11.54%,https://companiesmarketcap.com/img/company-logos/256/RTX.png,logos\RTXRTX.png
RTXRTX,,2009,$65.01 B,27.61%,https://companiesmarketcap.com/img/company-logos/256/RTX.png,logos\RTXRTX.png
RTXRTX,,2008,$50.95 B,-32.32%,https://companiesmarketcap.com/img/company-logos/256/RTX.png,logos\RTXRTX.png
RTXRTX,,2007,$75.28 B,20.93%,https://companiesmarketcap.com/img/company-logos/256/RTX.png,logos\RTXRTX.png
RTXRTX,,2006,$62.25 B,9.82%,https://companiesmarketcap.com/img/company-logos/256/RTX.png,logos\RTXRTX.png
RTXRTX,,2005,$56.68 B,7.31%,https://companiesmarketcap.com/img/company-logos/256/RTX.png,logos\RTXRTX.png
RTXRTX,,2004,$52.82 B,8.42%,https://companiesmarketcap.com/img/company-logos/256/RTX.png,logos\RTXRTX.png
RTXRTX,,2003,$48.71 B,67.16%,https://companiesmarketcap.com/img/company-logos/256/RTX.png,logos\RTXRTX.png
RTXRTX,,2002,$29.14 B,-4.49%,https://companiesmarketcap.com/img/company-logos/256/RTX.png,logos\RTXRTX.png
RTXRTX,,2001,$30.51 B,-17.48%,https://companiesmarketcap.com/img/company-logos/256/RTX.png,logos\RTXRTX.png
RTXRTX,,2000,$36.97 B,19.88%,https://companiesmarketcap.com/img/company-logos/256/RTX.png,logos\RTXRTX.png
RTXRTX,,1999,$30.84 B,26.03%,https://companiesmarketcap.com/img/company-logos/256/RTX.png,logos\RTXRTX.png
RTXRTX,,1998,$24.47 B,46.73%,https://companiesmarketcap.com/img/company-logos/256/RTX.png,logos\RTXRTX.png
RTXRTX,,1997,$16.68 B,5.8%,https://companiesmarketcap.com/img/company-logos/256/RTX.png,logos\RTXRTX.png
RTXRTX,,1996,$15.76 B,,https://companiesmarketcap.com/img/company-logos/256/RTX.png,logos\RTXRTX.png
Wells,FargoWFC,2026,$261.69 B,-14.24%,https://companiesmarketcap.com/img/company-logos/256/WFC.png,logos\FargoWFC.png
Wells,FargoWFC,2025,$305.15 B,28.89%,https://companiesmarketcap.com/img/company-logos/256/WFC.png,logos\FargoWFC.png
Wells,FargoWFC,2024,$236.76 B,32.45%,https://companiesmarketcap.com/img/company-logos/256/WFC.png,logos\FargoWFC.png
Wells,FargoWFC,2023,$178.74 B,13.61%,https://companiesmarketcap.com/img/company-logos/256/WFC.png,logos\FargoWFC.png
Wells,FargoWFC,2022,$157.33 B,-15.61%,https://companiesmarketcap.com/img/company-logos/256/WFC.png,logos\FargoWFC.png
Wells,FargoWFC,2021,$186.44 B,49.42%,https://companiesmarketcap.com/img/company-logos/256/WFC.png,logos\FargoWFC.png
Wells,FargoWFC,2020,$124.77 B,-43.9%,https://companiesmarketcap.com/img/company-logos/256/WFC.png,logos\FargoWFC.png
Wells,FargoWFC,2019,$222.43 B,5.37%,https://companiesmarketcap.com/img/company-logos/256/WFC.png,logos\FargoWFC.png
Wells,FargoWFC,2018,$211.10 B,-29.34%,https://companiesmarketcap.com/img/company-logos/256/WFC.png,logos\FargoWFC.png
Wells,FargoWFC,2017,$298.75 B,7.94%,https://companiesmarketcap.com/img/company-logos/256/WFC.png,logos\FargoWFC.png
Wells,FargoWFC,2016,$276.77 B,-0.01%,https://companiesmarketcap.com/img/company-logos/256/WFC.png,logos\FargoWFC.png
Wells,FargoWFC,2015,$276.80 B,-2.34%,https://companiesmarketcap.com/img/company-logos/256/WFC.png,logos\FargoWFC.png
Wells,FargoWFC,2014,$283.43 B,18.75%,https://companiesmarketcap.com/img/company-logos/256/WFC.png,logos\FargoWFC.png
Wells,FargoWFC,2013,$238.67 B,32.6%,https://companiesmarketcap.com/img/company-logos/256/WFC.png,logos\FargoWFC.png
Wells,FargoWFC,2012,$180.00 B,23.85%,https://companiesmarketcap.com/img/company-logos/256/WFC.png,logos\FargoWFC.png
Wells,FargoWFC,2011,$145.33 B,-10.88%,https://companiesmarketcap.com/img/company-logos/256/WFC.png,logos\FargoWFC.png
Wells,FargoWFC,2010,$163.07 B,16.68%,https://companiesmarketcap.com/img/company-logos/256/WFC.png,logos\FargoWFC.png
Wells,FargoWFC,2009,$139.77 B,42.58%,https://companiesmarketcap.com/img/company-logos/256/WFC.png,logos\FargoWFC.png
Wells,FargoWFC,2008,$98.02 B,-1.52%,https://companiesmarketcap.com/img/company-logos/256/WFC.png,logos\FargoWFC.png
Wells,FargoWFC,2007,$99.53 B,-17.11%,https://companiesmarketcap.com/img/company-logos/256/WFC.png,logos\FargoWFC.png
Wells,FargoWFC,2006,$120.09 B,13.94%,https://companiesmarketcap.com/img/company-logos/256/WFC.png,logos\FargoWFC.png
Wells,FargoWFC,2005,$105.40 B,0.08%,https://companiesmarketcap.com/img/company-logos/256/WFC.png,logos\FargoWFC.png
Wells,FargoWFC,2004,$105.31 B,4.8%,https://companiesmarketcap.com/img/company-logos/256/WFC.png,logos\FargoWFC.png
Wells,FargoWFC,2003,$100.49 B,27.18%,https://companiesmarketcap.com/img/company-logos/256/WFC.png,logos\FargoWFC.png
Wells,FargoWFC,2002,$79.01 B,7.21%,https://companiesmarketcap.com/img/company-logos/256/WFC.png,logos\FargoWFC.png
Wells,FargoWFC,2001,$73.70 B,-22.81%,https://companiesmarketcap.com/img/company-logos/256/WFC.png,logos\FargoWFC.png
Wells,FargoWFC,2000,$95.48 B,45.14%,https://companiesmarketcap.com/img/company-logos/256/WFC.png,logos\FargoWFC.png
Wells,FargoWFC,1999,$65.78 B,0.19%,https://companiesmarketcap.com/img/company-logos/256/WFC.png,logos\FargoWFC.png
Wells,FargoWFC,1998,$65.66 B,123.3%,https://companiesmarketcap.com/img/company-logos/256/WFC.png,logos\FargoWFC.png
Wells,FargoWFC,1997,$29.40 B,83.33%,https://companiesmarketcap.com/img/company-logos/256/WFC.png,logos\FargoWFC.png
Wells,FargoWFC,1996,$16.03 B,,https://companiesmarketcap.com/img/company-logos/256/WFC.png,logos\FargoWFC.png
AstraZenecaAZN,,2026,$260.70 B,-9.44%,https://companiesmarketcap.com/img/company-logos/256/AZN.png,logos\AstraZenecaAZN.png
AstraZenecaAZN,,2025,$287.87 B,41.39%,https://companiesmarketcap.com/img/company-logos/256/AZN.png,logos\AstraZenecaAZN.png
AstraZenecaAZN,,2024,$203.60 B,-2.66%,https://companiesmarketcap.com/img/company-logos/256/AZN.png,logos\AstraZenecaAZN.png
AstraZenecaAZN,,2023,$209.17 B,-0.58%,https://companiesmarketcap.com/img/company-logos/256/AZN.png,logos\AstraZenecaAZN.png
AstraZenecaAZN,,2022,$210.38 B,15.94%,https://companiesmarketcap.com/img/company-logos/256/AZN.png,logos\AstraZenecaAZN.png
AstraZenecaAZN,,2021,$181.46 B,38.54%,https://companiesmarketcap.com/img/company-logos/256/AZN.png,logos\AstraZenecaAZN.png
AstraZenecaAZN,,2020,$130.98 B,0.09%,https://companiesmarketcap.com/img/company-logos/256/AZN.png,logos\AstraZenecaAZN.png
AstraZenecaAZN,,2019,$130.87 B,38.6%,https://companiesmarketcap.com/img/company-logos/256/AZN.png,logos\AstraZenecaAZN.png
AstraZenecaAZN,,2018,$94.42 B,8.37%,https://companiesmarketcap.com/img/company-logos/256/AZN.png,logos\AstraZenecaAZN.png
AstraZenecaAZN,,2017,$87.12 B,26.34%,https://companiesmarketcap.com/img/company-logos/256/AZN.png,logos\AstraZenecaAZN.png
AstraZenecaAZN,,2016,$68.96 B,-20.23%,https://companiesmarketcap.com/img/company-logos/256/AZN.png,logos\AstraZenecaAZN.png
AstraZenecaAZN,,2015,$86.45 B,-3.47%,https://companiesmarketcap.com/img/company-logos/256/AZN.png,logos\AstraZenecaAZN.png
AstraZenecaAZN,,2014,$89.56 B,20.86%,https://companiesmarketcap.com/img/company-logos/256/AZN.png,logos\AstraZenecaAZN.png
AstraZenecaAZN,,2013,$74.10 B,26.41%,https://companiesmarketcap.com/img/company-logos/256/AZN.png,logos\AstraZenecaAZN.png
AstraZenecaAZN,,2012,$58.62 B,-3.15%,https://companiesmarketcap.com/img/company-logos/256/AZN.png,logos\AstraZenecaAZN.png
AstraZenecaAZN,,2011,$60.52 B,-7%,https://companiesmarketcap.com/img/company-logos/256/AZN.png,logos\AstraZenecaAZN.png
AstraZenecaAZN,,2010,$65.08 B,-4.44%,https://companiesmarketcap.com/img/company-logos/256/AZN.png,logos\AstraZenecaAZN.png
AstraZenecaAZN,,2009,$68.10 B,14.68%,https://companiesmarketcap.com/img/company-logos/256/AZN.png,logos\AstraZenecaAZN.png
AstraZenecaAZN,,2008,$59.39 B,-4.81%,https://companiesmarketcap.com/img/company-logos/256/AZN.png,logos\AstraZenecaAZN.png
AstraZenecaAZN,,2007,$62.38 B,-23.95%,https://companiesmarketcap.com/img/company-logos/256/AZN.png,logos\AstraZenecaAZN.png
AstraZenecaAZN,,2006,$82.03 B,5.1%,https://companiesmarketcap.com/img/company-logos/256/AZN.png,logos\AstraZenecaAZN.png
AstraZenecaAZN,,2005,$78.05 B,30.47%,https://companiesmarketcap.com/img/company-logos/256/AZN.png,logos\AstraZenecaAZN.png
AstraZenecaAZN,,2004,$59.82 B,-26.96%,https://companiesmarketcap.com/img/company-logos/256/AZN.png,logos\AstraZenecaAZN.png
AstraZenecaAZN,,2003,$81.90 B,35.82%,https://companiesmarketcap.com/img/company-logos/256/AZN.png,logos\AstraZenecaAZN.png
AstraZenecaAZN,,2002,$60.30 B,-25.85%,https://companiesmarketcap.com/img/company-logos/256/AZN.png,logos\AstraZenecaAZN.png
AstraZenecaAZN,,2001,$81.33 B,-10.57%,https://companiesmarketcap.com/img/company-logos/256/AZN.png,logos\AstraZenecaAZN.png
AstraZenecaAZN,,2000,$90.94 B,22.66%,https://companiesmarketcap.com/img/company-logos/256/AZN.png,logos\AstraZenecaAZN.png
AstraZenecaAZN,,1999,$74.14 B,73.95%,https://companiesmarketcap.com/img/company-logos/256/AZN.png,logos\AstraZenecaAZN.png
AstraZenecaAZN,,1998,$42.62 B,24.76%,https://companiesmarketcap.com/img/company-logos/256/AZN.png,logos\AstraZenecaAZN.png
AstraZenecaAZN,,1997,$34.16 B,28.82%,https://companiesmarketcap.com/img/company-logos/256/AZN.png,logos\AstraZenecaAZN.png
AstraZenecaAZN,,1996,$26.52 B,,https://companiesmarketcap.com/img/company-logos/256/AZN.png,logos\AstraZenecaAZN.png
Arista,NetworksANET,2026,$259.08 B,56.05%,https://companiesmarketcap.com/img/company-logos/256/ANET.png,logos\NetworksANET.png
Arista,NetworksANET,2025,$166.02 B,16.6%,https://companiesmarketcap.com/img/company-logos/256/ANET.png,logos\NetworksANET.png
Arista,NetworksANET,2024,$142.39 B,94.34%,https://companiesmarketcap.com/img/company-logos/256/ANET.png,logos\NetworksANET.png
Arista,NetworksANET,2023,$73.26 B,96.47%,https://companiesmarketcap.com/img/company-logos/256/ANET.png,logos\NetworksANET.png
Arista,NetworksANET,2022,$37.29 B,-15.58%,https://companiesmarketcap.com/img/company-logos/256/ANET.png,logos\NetworksANET.png
Arista,NetworksANET,2021,$44.17 B,100.92%,https://companiesmarketcap.com/img/company-logos/256/ANET.png,logos\NetworksANET.png
Arista,NetworksANET,2020,$21.98 B,41.5%,https://companiesmarketcap.com/img/company-logos/256/ANET.png,logos\NetworksANET.png
Arista,NetworksANET,2019,$15.53 B,-2.54%,https://companiesmarketcap.com/img/company-logos/256/ANET.png,logos\NetworksANET.png
Arista,NetworksANET,2018,$15.94 B,-7.42%,https://companiesmarketcap.com/img/company-logos/256/ANET.png,logos\NetworksANET.png
Arista,NetworksANET,2017,$17.22 B,153.47%,https://companiesmarketcap.com/img/company-logos/256/ANET.png,logos\NetworksANET.png
Arista,NetworksANET,2016,$6.79 B,28.11%,https://companiesmarketcap.com/img/company-logos/256/ANET.png,logos\NetworksANET.png
Arista,NetworksANET,2015,$5.30 B,33.2%,https://companiesmarketcap.com/img/company-logos/256/ANET.png,logos\NetworksANET.png
Arista,NetworksANET,2014,$3.98 B,,https://companiesmarketcap.com/img/company-logos/256/ANET.png,logos\NetworksANET.png
SandiskSNDK,,2026,$258.66 B,643.54%,https://companiesmarketcap.com/img/company-logos/256/SNDK.png,logos\SandiskSNDK.png
SandiskSNDK,,2025,$34.78 B,,https://companiesmarketcap.com/img/company-logos/256/SNDK.png,logos\SandiskSNDK.png
CrowdStrikeCRWD,,2026,$255.31 B,116.05%,https://companiesmarketcap.com/img/company-logos/256/CRWD.png,logos\CrowdStrikeCRWD.png
CrowdStrikeCRWD,,2025,$118.17 B,40.22%,https://companiesmarketcap.com/img/company-logos/256/CRWD.png,logos\CrowdStrikeCRWD.png
CrowdStrikeCRWD,,2024,$84.27 B,45.01%,https://companiesmarketcap.com/img/company-logos/256/CRWD.png,logos\CrowdStrikeCRWD.png
CrowdStrikeCRWD,,2023,$58.11 B,135.49%,https://companiesmarketcap.com/img/company-logos/256/CRWD.png,logos\CrowdStrikeCRWD.png
CrowdStrikeCRWD,,2022,$24.67 B,-47.44%,https://companiesmarketcap.com/img/company-logos/256/CRWD.png,logos\CrowdStrikeCRWD.png
CrowdStrikeCRWD,,2021,$46.95 B,0.19%,https://companiesmarketcap.com/img/company-logos/256/CRWD.png,logos\CrowdStrikeCRWD.png
CrowdStrikeCRWD,,2020,$46.86 B,357.23%,https://companiesmarketcap.com/img/company-logos/256/CRWD.png,logos\CrowdStrikeCRWD.png
CrowdStrikeCRWD,,2019,$10.25 B,,https://companiesmarketcap.com/img/company-logos/256/CRWD.png,logos\CrowdStrikeCRWD.png
MediaTek2454.TW,,2026,$252.22 B,258.36%,https://companiesmarketcap.com/img/company-logos/256/2454.TW.png,logos\MediaTek2454.TW.png
MediaTek2454.TW,,2025,$70.38 B,1.21%,https://companiesmarketcap.com/img/company-logos/256/2454.TW.png,logos\MediaTek2454.TW.png
MediaTek2454.TW,,2024,$69.53 B,32%,https://companiesmarketcap.com/img/company-logos/256/2454.TW.png,logos\MediaTek2454.TW.png
MediaTek2454.TW,,2023,$52.68 B,61.96%,https://companiesmarketcap.com/img/company-logos/256/2454.TW.png,logos\MediaTek2454.TW.png
MediaTek2454.TW,,2022,$32.52 B,-52.48%,https://companiesmarketcap.com/img/company-logos/256/2454.TW.png,logos\MediaTek2454.TW.png
MediaTek2454.TW,,2021,$68.45 B,62.71%,https://companiesmarketcap.com/img/company-logos/256/2454.TW.png,logos\MediaTek2454.TW.png
MediaTek2454.TW,,2020,$42.06 B,80.34%,https://companiesmarketcap.com/img/company-logos/256/2454.TW.png,logos\MediaTek2454.TW.png
MediaTek2454.TW,,2019,$23.32 B,96.09%,https://companiesmarketcap.com/img/company-logos/256/2454.TW.png,logos\MediaTek2454.TW.png
MediaTek2454.TW,,2018,$11.89 B,-23.35%,https://companiesmarketcap.com/img/company-logos/256/2454.TW.png,logos\MediaTek2454.TW.png
MediaTek2454.TW,,2017,$15.52 B,46.95%,https://companiesmarketcap.com/img/company-logos/256/2454.TW.png,logos\MediaTek2454.TW.png
MediaTek2454.TW,,2016,$10.56 B,-13.58%,https://companiesmarketcap.com/img/company-logos/256/2454.TW.png,logos\MediaTek2454.TW.png
MediaTek2454.TW,,2015,$12.22 B,-48.11%,https://companiesmarketcap.com/img/company-logos/256/2454.TW.png,logos\MediaTek2454.TW.png
MediaTek2454.TW,,2014,$23.55 B,18.75%,https://companiesmarketcap.com/img/company-logos/256/2454.TW.png,logos\MediaTek2454.TW.png
MediaTek2454.TW,,2013,$19.83 B,32.63%,https://companiesmarketcap.com/img/company-logos/256/2454.TW.png,logos\MediaTek2454.TW.png
MediaTek2454.TW,,2012,$14.95 B,35.85%,https://companiesmarketcap.com/img/company-logos/256/2454.TW.png,logos\MediaTek2454.TW.png
MediaTek2454.TW,,2011,$11.00 B,-36.19%,https://companiesmarketcap.com/img/company-logos/256/2454.TW.png,logos\MediaTek2454.TW.png
MediaTek2454.TW,,2010,$17.25 B,-9.38%,https://companiesmarketcap.com/img/company-logos/256/2454.TW.png,logos\MediaTek2454.TW.png
MediaTek2454.TW,,2009,$19.03 B,164.3%,https://companiesmarketcap.com/img/company-logos/256/2454.TW.png,logos\MediaTek2454.TW.png
MediaTek2454.TW,,2008,$7.20 B,-45.42%,https://companiesmarketcap.com/img/company-logos/256/2454.TW.png,logos\MediaTek2454.TW.png
MediaTek2454.TW,,2007,$13.19 B,31.78%,https://companiesmarketcap.com/img/company-logos/256/2454.TW.png,logos\MediaTek2454.TW.png
MediaTek2454.TW,,2006,$10.01 B,,https://companiesmarketcap.com/img/company-logos/256/2454.TW.png,logos\MediaTek2454.TW.png
GE,VernovaGEV,2026,$252.01 B,39.53%,https://companiesmarketcap.com/img/company-logos/256/GEV.png,logos\VernovaGEV.png
GE,VernovaGEV,2025,$180.60 B,96.29%,https://companiesmarketcap.com/img/company-logos/256/GEV.png,logos\VernovaGEV.png
GE,VernovaGEV,2024,$92.01 B,,https://companiesmarketcap.com/img/company-logos/256/GEV.png,logos\VernovaGEV.png
Texas,InstrumentsTXN,2026,$247.37 B,53.83%,https://companiesmarketcap.com/img/company-logos/256/TXN.png,logos\InstrumentsTXN.png
Texas,InstrumentsTXN,2025,$160.80 B,-7.79%,https://companiesmarketcap.com/img/company-logos/256/TXN.png,logos\InstrumentsTXN.png
Texas,InstrumentsTXN,2024,$174.39 B,12.65%,https://companiesmarketcap.com/img/company-logos/256/TXN.png,logos\InstrumentsTXN.png
Texas,InstrumentsTXN,2023,$154.81 B,3.24%,https://companiesmarketcap.com/img/company-logos/256/TXN.png,logos\InstrumentsTXN.png
Texas,InstrumentsTXN,2022,$149.94 B,-13.89%,https://companiesmarketcap.com/img/company-logos/256/TXN.png,logos\InstrumentsTXN.png
Texas,InstrumentsTXN,2021,$174.14 B,15.59%,https://companiesmarketcap.com/img/company-logos/256/TXN.png,logos\InstrumentsTXN.png
Texas,InstrumentsTXN,2020,$150.66 B,26%,https://companiesmarketcap.com/img/company-logos/256/TXN.png,logos\InstrumentsTXN.png
Texas,InstrumentsTXN,2019,$119.57 B,33.87%,https://companiesmarketcap.com/img/company-logos/256/TXN.png,logos\InstrumentsTXN.png
Texas,InstrumentsTXN,2018,$89.31 B,-13.23%,https://companiesmarketcap.com/img/company-logos/256/TXN.png,logos\InstrumentsTXN.png
Texas,InstrumentsTXN,2017,$102.93 B,41.13%,https://companiesmarketcap.com/img/company-logos/256/TXN.png,logos\InstrumentsTXN.png
Texas,InstrumentsTXN,2016,$72.93 B,31.58%,https://companiesmarketcap.com/img/company-logos/256/TXN.png,logos\InstrumentsTXN.png
Texas,InstrumentsTXN,2015,$55.42 B,-0.95%,https://companiesmarketcap.com/img/company-logos/256/TXN.png,logos\InstrumentsTXN.png
Texas,InstrumentsTXN,2014,$55.95 B,17.69%,https://companiesmarketcap.com/img/company-logos/256/TXN.png,logos\InstrumentsTXN.png
Texas,InstrumentsTXN,2013,$47.54 B,38.89%,https://companiesmarketcap.com/img/company-logos/256/TXN.png,logos\InstrumentsTXN.png
Texas,InstrumentsTXN,2012,$34.23 B,2.91%,https://companiesmarketcap.com/img/company-logos/256/TXN.png,logos\InstrumentsTXN.png
Texas,InstrumentsTXN,2011,$33.26 B,-12.33%,https://companiesmarketcap.com/img/company-logos/256/TXN.png,logos\InstrumentsTXN.png
Texas,InstrumentsTXN,2010,$37.94 B,17.4%,https://companiesmarketcap.com/img/company-logos/256/TXN.png,logos\InstrumentsTXN.png
Texas,InstrumentsTXN,2009,$32.31 B,60.62%,https://companiesmarketcap.com/img/company-logos/256/TXN.png,logos\InstrumentsTXN.png
Texas,InstrumentsTXN,2008,$20.12 B,-54.58%,https://companiesmarketcap.com/img/company-logos/256/TXN.png,logos\InstrumentsTXN.png
Texas,InstrumentsTXN,2007,$44.29 B,4.84%,https://companiesmarketcap.com/img/company-logos/256/TXN.png,logos\InstrumentsTXN.png
Texas,InstrumentsTXN,2006,$42.25 B,-17.48%,https://companiesmarketcap.com/img/company-logos/256/TXN.png,logos\InstrumentsTXN.png
Texas,InstrumentsTXN,2005,$51.20 B,21.05%,https://companiesmarketcap.com/img/company-logos/256/TXN.png,logos\InstrumentsTXN.png
Texas,InstrumentsTXN,2004,$42.29 B,-17.51%,https://companiesmarketcap.com/img/company-logos/256/TXN.png,logos\InstrumentsTXN.png
Texas,InstrumentsTXN,2003,$51.27 B,97.4%,https://companiesmarketcap.com/img/company-logos/256/TXN.png,logos\InstrumentsTXN.png
Texas,InstrumentsTXN,2002,$25.97 B,-46.5%,https://companiesmarketcap.com/img/company-logos/256/TXN.png,logos\InstrumentsTXN.png
Texas,InstrumentsTXN,2001,$48.55 B,-40.76%,https://companiesmarketcap.com/img/company-logos/256/TXN.png,logos\InstrumentsTXN.png
Texas,InstrumentsTXN,2000,$81.95 B,4.34%,https://companiesmarketcap.com/img/company-logos/256/TXN.png,logos\InstrumentsTXN.png
Texas,InstrumentsTXN,1999,$78.54 B,134.8%,https://companiesmarketcap.com/img/company-logos/256/TXN.png,logos\InstrumentsTXN.png
Texas,InstrumentsTXN,1998,$33.45 B,90.86%,https://companiesmarketcap.com/img/company-logos/256/TXN.png,logos\InstrumentsTXN.png
Texas,InstrumentsTXN,1997,$17.52 B,44.51%,https://companiesmarketcap.com/img/company-logos/256/TXN.png,logos\InstrumentsTXN.png
Texas,InstrumentsTXN,1996,$12.12 B,,https://companiesmarketcap.com/img/company-logos/256/TXN.png,logos\InstrumentsTXN.png
SiemensSIE.DE,,2026,$244.72 B,11.6%,https://companiesmarketcap.com/img/company-logos/256/SIE.DE.png,logos\SiemensSIE.DE.png
SiemensSIE.DE,,2025,$219.29 B,41.91%,https://companiesmarketcap.com/img/company-logos/256/SIE.DE.png,logos\SiemensSIE.DE.png
SiemensSIE.DE,,2024,$154.52 B,4.15%,https://companiesmarketcap.com/img/company-logos/256/SIE.DE.png,logos\SiemensSIE.DE.png
SiemensSIE.DE,,2023,$148.37 B,35.33%,https://companiesmarketcap.com/img/company-logos/256/SIE.DE.png,logos\SiemensSIE.DE.png
SiemensSIE.DE,,2022,$109.64 B,-20.97%,https://companiesmarketcap.com/img/company-logos/256/SIE.DE.png,logos\SiemensSIE.DE.png
SiemensSIE.DE,,2021,$138.73 B,20.08%,https://companiesmarketcap.com/img/company-logos/256/SIE.DE.png,logos\SiemensSIE.DE.png
SiemensSIE.DE,,2020,$115.53 B,8.89%,https://companiesmarketcap.com/img/company-logos/256/SIE.DE.png,logos\SiemensSIE.DE.png
SiemensSIE.DE,,2019,$106.10 B,17.58%,https://companiesmarketcap.com/img/company-logos/256/SIE.DE.png,logos\SiemensSIE.DE.png
SiemensSIE.DE,,2018,$90.24 B,-20.6%,https://companiesmarketcap.com/img/company-logos/256/SIE.DE.png,logos\SiemensSIE.DE.png
SiemensSIE.DE,,2017,$113.65 B,14.45%,https://companiesmarketcap.com/img/company-logos/256/SIE.DE.png,logos\SiemensSIE.DE.png
SiemensSIE.DE,,2016,$99.30 B,24.96%,https://companiesmarketcap.com/img/company-logos/256/SIE.DE.png,logos\SiemensSIE.DE.png
SiemensSIE.DE,,2015,$79.46 B,-16.56%,https://companiesmarketcap.com/img/company-logos/256/SIE.DE.png,logos\SiemensSIE.DE.png
SiemensSIE.DE,,2014,$95.23 B,-17.75%,https://companiesmarketcap.com/img/company-logos/256/SIE.DE.png,logos\SiemensSIE.DE.png
SiemensSIE.DE,,2013,$115.78 B,26.36%,https://companiesmarketcap.com/img/company-logos/256/SIE.DE.png,logos\SiemensSIE.DE.png
SiemensSIE.DE,,2012,$91.63 B,9.16%,https://companiesmarketcap.com/img/company-logos/256/SIE.DE.png,logos\SiemensSIE.DE.png
SiemensSIE.DE,,2011,$83.94 B,-21.97%,https://companiesmarketcap.com/img/company-logos/256/SIE.DE.png,logos\SiemensSIE.DE.png
SiemensSIE.DE,,2010,$107.58 B,34.85%,https://companiesmarketcap.com/img/company-logos/256/SIE.DE.png,logos\SiemensSIE.DE.png
SiemensSIE.DE,,2009,$79.78 B,18.58%,https://companiesmarketcap.com/img/company-logos/256/SIE.DE.png,logos\SiemensSIE.DE.png
SiemensSIE.DE,,2008,$67.28 B,-53.67%,https://companiesmarketcap.com/img/company-logos/256/SIE.DE.png,logos\SiemensSIE.DE.png
SiemensSIE.DE,,2007,$145.21 B,64.36%,https://companiesmarketcap.com/img/company-logos/256/SIE.DE.png,logos\SiemensSIE.DE.png
SiemensSIE.DE,,2006,$88.34 B,15.6%,https://companiesmarketcap.com/img/company-logos/256/SIE.DE.png,logos\SiemensSIE.DE.png
SiemensSIE.DE,,2005,$76.42 B,1.35%,https://companiesmarketcap.com/img/company-logos/256/SIE.DE.png,logos\SiemensSIE.DE.png
SiemensSIE.DE,,2004,$75.40 B,5.87%,https://companiesmarketcap.com/img/company-logos/256/SIE.DE.png,logos\SiemensSIE.DE.png
SiemensSIE.DE,,2003,$71.22 B,88.94%,https://companiesmarketcap.com/img/company-logos/256/SIE.DE.png,logos\SiemensSIE.DE.png
SiemensSIE.DE,,2002,$37.69 B,-35.37%,https://companiesmarketcap.com/img/company-logos/256/SIE.DE.png,logos\SiemensSIE.DE.png
SiemensSIE.DE,,2001,$58.32 B,-49.66%,https://companiesmarketcap.com/img/company-logos/256/SIE.DE.png,logos\SiemensSIE.DE.png
SiemensSIE.DE,,2000,$115.85 B,,https://companiesmarketcap.com/img/company-logos/256/SIE.DE.png,logos\SiemensSIE.DE.png
Thermo Fisher,ScientificTMO,2026,$243.57 B,11.63%,https://companiesmarketcap.com/img/company-logos/256/TMO.png,logos\ScientificTMO.png
Thermo Fisher,ScientificTMO,2025,$218.18 B,8.43%,https://companiesmarketcap.com/img/company-logos/256/TMO.png,logos\ScientificTMO.png
Thermo Fisher,ScientificTMO,2024,$201.22 B,-1.88%,https://companiesmarketcap.com/img/company-logos/256/TMO.png,logos\ScientificTMO.png
Thermo Fisher,ScientificTMO,2023,$205.08 B,-5.04%,https://companiesmarketcap.com/img/company-logos/256/TMO.png,logos\ScientificTMO.png
Thermo Fisher,ScientificTMO,2022,$215.97 B,-17.86%,https://companiesmarketcap.com/img/company-logos/256/TMO.png,logos\ScientificTMO.png
Thermo Fisher,ScientificTMO,2021,$262.92 B,42.43%,https://companiesmarketcap.com/img/company-logos/256/TMO.png,logos\ScientificTMO.png
Thermo Fisher,ScientificTMO,2020,$184.60 B,42.51%,https://companiesmarketcap.com/img/company-logos/256/TMO.png,logos\ScientificTMO.png
Thermo Fisher,ScientificTMO,2019,$129.53 B,43.95%,https://companiesmarketcap.com/img/company-logos/256/TMO.png,logos\ScientificTMO.png
Thermo Fisher,ScientificTMO,2018,$89.99 B,18.19%,https://companiesmarketcap.com/img/company-logos/256/TMO.png,logos\ScientificTMO.png
Thermo Fisher,ScientificTMO,2017,$76.14 B,36.61%,https://companiesmarketcap.com/img/company-logos/256/TMO.png,logos\ScientificTMO.png
Thermo Fisher,ScientificTMO,2016,$55.73 B,-1.67%,https://companiesmarketcap.com/img/company-logos/256/TMO.png,logos\ScientificTMO.png
Thermo Fisher,ScientificTMO,2015,$56.68 B,12.98%,https://companiesmarketcap.com/img/company-logos/256/TMO.png,logos\ScientificTMO.png
Thermo Fisher,ScientificTMO,2014,$50.17 B,24.49%,https://companiesmarketcap.com/img/company-logos/256/TMO.png,logos\ScientificTMO.png
Thermo Fisher,ScientificTMO,2013,$40.30 B,76.79%,https://companiesmarketcap.com/img/company-logos/256/TMO.png,logos\ScientificTMO.png
Thermo Fisher,ScientificTMO,2012,$22.79 B,34.02%,https://companiesmarketcap.com/img/company-logos/256/TMO.png,logos\ScientificTMO.png
Thermo Fisher,ScientificTMO,2011,$17.01 B,-21.48%,https://companiesmarketcap.com/img/company-logos/256/TMO.png,logos\ScientificTMO.png
Thermo Fisher,ScientificTMO,2010,$21.66 B,10.99%,https://companiesmarketcap.com/img/company-logos/256/TMO.png,logos\ScientificTMO.png
Thermo Fisher,ScientificTMO,2009,$19.52 B,36.34%,https://companiesmarketcap.com/img/company-logos/256/TMO.png,logos\ScientificTMO.png
Thermo Fisher,ScientificTMO,2008,$14.31 B,-40.22%,https://companiesmarketcap.com/img/company-logos/256/TMO.png,logos\ScientificTMO.png
Thermo Fisher,ScientificTMO,2007,$23.95 B,26.94%,https://companiesmarketcap.com/img/company-logos/256/TMO.png,logos\ScientificTMO.png
Thermo Fisher,ScientificTMO,2006,$18.86 B,285.41%,https://companiesmarketcap.com/img/company-logos/256/TMO.png,logos\ScientificTMO.png
Thermo Fisher,ScientificTMO,2005,$4.89 B,1%,https://companiesmarketcap.com/img/company-logos/256/TMO.png,logos\ScientificTMO.png
Thermo Fisher,ScientificTMO,2004,$4.84 B,16.53%,https://companiesmarketcap.com/img/company-logos/256/TMO.png,logos\ScientificTMO.png
Thermo Fisher,ScientificTMO,2003,$4.15 B,26.95%,https://companiesmarketcap.com/img/company-logos/256/TMO.png,logos\ScientificTMO.png
Thermo Fisher,ScientificTMO,2002,$3.27 B,-22.13%,https://companiesmarketcap.com/img/company-logos/256/TMO.png,logos\ScientificTMO.png
Thermo Fisher,ScientificTMO,2001,$4.20 B,-22.36%,https://companiesmarketcap.com/img/company-logos/256/TMO.png,logos\ScientificTMO.png
Thermo Fisher,ScientificTMO,2000,$5.41 B,130.9%,https://companiesmarketcap.com/img/company-logos/256/TMO.png,logos\ScientificTMO.png
Thermo Fisher,ScientificTMO,1999,$2.34 B,-12.57%,https://companiesmarketcap.com/img/company-logos/256/TMO.png,logos\ScientificTMO.png
Thermo Fisher,ScientificTMO,1998,$2.68 B,-61.65%,https://companiesmarketcap.com/img/company-logos/256/TMO.png,logos\ScientificTMO.png
Thermo Fisher,ScientificTMO,1997,$7.00 B,13.16%,https://companiesmarketcap.com/img/company-logos/256/TMO.png,logos\ScientificTMO.png
Thermo Fisher,ScientificTMO,1996,$6.18 B,,https://companiesmarketcap.com/img/company-logos/256/TMO.png,logos\ScientificTMO.png
NestléNESN.SW,,2026,$241.57 B,-4.72%,https://companiesmarketcap.com/img/company-logos/256/NESN.SW.png,logos\NestléNESN.SW.png
NestléNESN.SW,,2025,$253.52 B,19.53%,https://companiesmarketcap.com/img/company-logos/256/NESN.SW.png,logos\NestléNESN.SW.png
NestléNESN.SW,,2024,$212.10 B,-31.39%,https://companiesmarketcap.com/img/company-logos/256/NESN.SW.png,logos\NestléNESN.SW.png
NestléNESN.SW,,2023,$309.15 B,-2.96%,https://companiesmarketcap.com/img/company-logos/256/NESN.SW.png,logos\NestléNESN.SW.png
NestléNESN.SW,,2022,$318.59 B,-17.23%,https://companiesmarketcap.com/img/company-logos/256/NESN.SW.png,logos\NestléNESN.SW.png
NestléNESN.SW,,2021,$384.89 B,15.55%,https://companiesmarketcap.com/img/company-logos/256/NESN.SW.png,logos\NestléNESN.SW.png
NestléNESN.SW,,2020,$333.08 B,6.91%,https://companiesmarketcap.com/img/company-logos/256/NESN.SW.png,logos\NestléNESN.SW.png
NestléNESN.SW,,2019,$311.54 B,29.1%,https://companiesmarketcap.com/img/company-logos/256/NESN.SW.png,logos\NestléNESN.SW.png
NestléNESN.SW,,2018,$241.32 B,-9.02%,https://companiesmarketcap.com/img/company-logos/256/NESN.SW.png,logos\NestléNESN.SW.png
NestléNESN.SW,,2017,$265.25 B,19.74%,https://companiesmarketcap.com/img/company-logos/256/NESN.SW.png,logos\NestléNESN.SW.png
NestléNESN.SW,,2016,$221.53 B,-4.82%,https://companiesmarketcap.com/img/company-logos/256/NESN.SW.png,logos\NestléNESN.SW.png
NestléNESN.SW,,2015,$232.74 B,-0.46%,https://companiesmarketcap.com/img/company-logos/256/NESN.SW.png,logos\NestléNESN.SW.png
NestléNESN.SW,,2014,$233.81 B,-0.4%,https://companiesmarketcap.com/img/company-logos/256/NESN.SW.png,logos\NestléNESN.SW.png
NestléNESN.SW,,2013,$234.76 B,12.73%,https://companiesmarketcap.com/img/company-logos/256/NESN.SW.png,logos\NestléNESN.SW.png
NestléNESN.SW,,2012,$208.25 B,11.33%,https://companiesmarketcap.com/img/company-logos/256/NESN.SW.png,logos\NestléNESN.SW.png
NestléNESN.SW,,2011,$187.06 B,-1.97%,https://companiesmarketcap.com/img/company-logos/256/NESN.SW.png,logos\NestléNESN.SW.png
NestléNESN.SW,,2010,$190.81 B,13.23%,https://companiesmarketcap.com/img/company-logos/256/NESN.SW.png,logos\NestléNESN.SW.png
NestléNESN.SW,,2009,$168.53 B,16.85%,https://companiesmarketcap.com/img/company-logos/256/NESN.SW.png,logos\NestléNESN.SW.png
NestléNESN.SW,,2008,$144.22 B,-16.56%,https://companiesmarketcap.com/img/company-logos/256/NESN.SW.png,logos\NestléNESN.SW.png
NestléNESN.SW,,2007,$172.84 B,20.65%,https://companiesmarketcap.com/img/company-logos/256/NESN.SW.png,logos\NestléNESN.SW.png
NestléNESN.SW,,2006,$143.26 B,18.88%,https://companiesmarketcap.com/img/company-logos/256/NESN.SW.png,logos\NestléNESN.SW.png
NestléNESN.SW,,2005,$120.51 B,14.49%,https://companiesmarketcap.com/img/company-logos/256/NESN.SW.png,logos\NestléNESN.SW.png
NestléNESN.SW,,2004,$105.25 B,4.39%,https://companiesmarketcap.com/img/company-logos/256/NESN.SW.png,logos\NestléNESN.SW.png
NestléNESN.SW,,2003,$100.83 B,-29.96%,https://companiesmarketcap.com/img/company-logos/256/NESN.SW.png,logos\NestléNESN.SW.png
NestléNESN.SW,,2002,$143.96 B,-17.23%,https://companiesmarketcap.com/img/company-logos/256/NESN.SW.png,logos\NestléNESN.SW.png
NestléNESN.SW,,2001,$173.93 B,-53.17%,https://companiesmarketcap.com/img/company-logos/256/NESN.SW.png,logos\NestléNESN.SW.png
NestléNESN.SW,,2000,$371.45 B,29.59%,https://companiesmarketcap.com/img/company-logos/256/NESN.SW.png,logos\NestléNESN.SW.png
NestléNESN.SW,,1999,$286.65 B,-2.44%,https://companiesmarketcap.com/img/company-logos/256/NESN.SW.png,logos\NestléNESN.SW.png
NestléNESN.SW,,1998,$293.82 B,,https://companiesmarketcap.com/img/company-logos/256/NESN.SW.png,logos\NestléNESN.SW.png
SAPSAP,,2026,$241.48 B,-16.06%,https://companiesmarketcap.com/img/company-logos/256/SAP.png,logos\SAPSAP.png
SAPSAP,,2025,$287.68 B,-1.41%,https://companiesmarketcap.com/img/company-logos/256/SAP.png,logos\SAPSAP.png
SAPSAP,,2024,$291.79 B,61.29%,https://companiesmarketcap.com/img/company-logos/256/SAP.png,logos\SAPSAP.png
SAPSAP,,2023,$180.91 B,49.9%,https://companiesmarketcap.com/img/company-logos/256/SAP.png,logos\SAPSAP.png
SAPSAP,,2022,$120.69 B,-27.65%,https://companiesmarketcap.com/img/company-logos/256/SAP.png,logos\SAPSAP.png
SAPSAP,,2021,$166.80 B,5.97%,https://companiesmarketcap.com/img/company-logos/256/SAP.png,logos\SAPSAP.png
SAPSAP,,2020,$157.41 B,-2.15%,https://companiesmarketcap.com/img/company-logos/256/SAP.png,logos\SAPSAP.png
SAPSAP,,2019,$160.87 B,35.54%,https://companiesmarketcap.com/img/company-logos/256/SAP.png,logos\SAPSAP.png
SAPSAP,,2018,$118.69 B,-11.24%,https://companiesmarketcap.com/img/company-logos/256/SAP.png,logos\SAPSAP.png
SAPSAP,,2017,$133.71 B,27.48%,https://companiesmarketcap.com/img/company-logos/256/SAP.png,logos\SAPSAP.png
SAPSAP,,2016,$104.89 B,9.14%,https://companiesmarketcap.com/img/company-logos/256/SAP.png,logos\SAPSAP.png
SAPSAP,,2015,$96.10 B,13.5%,https://companiesmarketcap.com/img/company-logos/256/SAP.png,logos\SAPSAP.png
SAPSAP,,2014,$84.67 B,-17.56%,https://companiesmarketcap.com/img/company-logos/256/SAP.png,logos\SAPSAP.png
SAPSAP,,2013,$102.70 B,7.34%,https://companiesmarketcap.com/img/company-logos/256/SAP.png,logos\SAPSAP.png
SAPSAP,,2012,$95.68 B,52.01%,https://companiesmarketcap.com/img/company-logos/256/SAP.png,logos\SAPSAP.png
SAPSAP,,2011,$62.94 B,4.6%,https://companiesmarketcap.com/img/company-logos/256/SAP.png,logos\SAPSAP.png
SAPSAP,,2010,$60.18 B,7.07%,https://companiesmarketcap.com/img/company-logos/256/SAP.png,logos\SAPSAP.png
SAPSAP,,2009,$56.20 B,30.18%,https://companiesmarketcap.com/img/company-logos/256/SAP.png,logos\SAPSAP.png
SAPSAP,,2008,$43.17 B,-29.42%,https://companiesmarketcap.com/img/company-logos/256/SAP.png,logos\SAPSAP.png
SAPSAP,,2007,$61.16 B,-5.45%,https://companiesmarketcap.com/img/company-logos/256/SAP.png,logos\SAPSAP.png
SAPSAP,,2006,$64.69 B,15.84%,https://companiesmarketcap.com/img/company-logos/256/SAP.png,logos\SAPSAP.png
SAPSAP,,2005,$55.84 B,1.66%,https://companiesmarketcap.com/img/company-logos/256/SAP.png,logos\SAPSAP.png
SAPSAP,,2004,$54.93 B,4.77%,https://companiesmarketcap.com/img/company-logos/256/SAP.png,logos\SAPSAP.png
SAPSAP,,2003,$52.43 B,115.84%,https://companiesmarketcap.com/img/company-logos/256/SAP.png,logos\SAPSAP.png
SAPSAP,,2002,$24.29 B,-39.58%,https://companiesmarketcap.com/img/company-logos/256/SAP.png,logos\SAPSAP.png
SAPSAP,,2001,$40.20 B,63.06%,https://companiesmarketcap.com/img/company-logos/256/SAP.png,logos\SAPSAP.png
SAPSAP,,2000,$24.65 B,94.12%,https://companiesmarketcap.com/img/company-logos/256/SAP.png,logos\SAPSAP.png
SAPSAP,,1999,$12.70 B,44.37%,https://companiesmarketcap.com/img/company-logos/256/SAP.png,logos\SAPSAP.png
SAPSAP,,1998,$8.79 B,,https://companiesmarketcap.com/img/company-logos/256/SAP.png,logos\SAPSAP.png
KLAKLAC,,2026,$240.36 B,50.84%,https://companiesmarketcap.com/img/company-logos/256/KLAC.png,logos\KLAKLAC.png
KLAKLAC,,2025,$159.34 B,90.22%,https://companiesmarketcap.com/img/company-logos/256/KLAC.png,logos\KLAKLAC.png
KLAKLAC,,2024,$83.77 B,6.02%,https://companiesmarketcap.com/img/company-logos/256/KLAC.png,logos\KLAKLAC.png
KLAKLAC,,2023,$79.01 B,47.88%,https://companiesmarketcap.com/img/company-logos/256/KLAC.png,logos\KLAKLAC.png
KLAKLAC,,2022,$53.43 B,-17.65%,https://companiesmarketcap.com/img/company-logos/256/KLAC.png,logos\KLAKLAC.png
KLAKLAC,,2021,$64.88 B,62.24%,https://companiesmarketcap.com/img/company-logos/256/KLAC.png,logos\KLAKLAC.png
KLAKLAC,,2020,$39.99 B,43.1%,https://companiesmarketcap.com/img/company-logos/256/KLAC.png,logos\KLAKLAC.png
KLAKLAC,,2019,$27.94 B,106.31%,https://companiesmarketcap.com/img/company-logos/256/KLAC.png,logos\KLAKLAC.png
KLAKLAC,,2018,$13.54 B,-17.73%,https://companiesmarketcap.com/img/company-logos/256/KLAC.png,logos\KLAKLAC.png
KLAKLAC,,2017,$16.46 B,33.87%,https://companiesmarketcap.com/img/company-logos/256/KLAC.png,logos\KLAKLAC.png
KLAKLAC,,2016,$12.29 B,13.72%,https://companiesmarketcap.com/img/company-logos/256/KLAC.png,logos\KLAKLAC.png
KLAKLAC,,2015,$10.81 B,-6.49%,https://companiesmarketcap.com/img/company-logos/256/KLAC.png,logos\KLAKLAC.png
KLAKLAC,,2014,$11.56 B,7.67%,https://companiesmarketcap.com/img/company-logos/256/KLAC.png,logos\KLAKLAC.png
KLAKLAC,,2013,$10.74 B,35.07%,https://companiesmarketcap.com/img/company-logos/256/KLAC.png,logos\KLAKLAC.png
KLAKLAC,,2012,$7.95 B,-1.1%,https://companiesmarketcap.com/img/company-logos/256/KLAC.png,logos\KLAKLAC.png
KLAKLAC,,2011,$8.04 B,24.57%,https://companiesmarketcap.com/img/company-logos/256/KLAC.png,logos\KLAKLAC.png
KLAKLAC,,2010,$6.45 B,4.47%,https://companiesmarketcap.com/img/company-logos/256/KLAC.png,logos\KLAKLAC.png
KLAKLAC,,2009,$6.17 B,67.95%,https://companiesmarketcap.com/img/company-logos/256/KLAC.png,logos\KLAKLAC.png
KLAKLAC,,2008,$3.67 B,-57.57%,https://companiesmarketcap.com/img/company-logos/256/KLAC.png,logos\KLAKLAC.png
KLAKLAC,,2007,$8.67 B,-12.73%,https://companiesmarketcap.com/img/company-logos/256/KLAC.png,logos\KLAKLAC.png
KLAKLAC,,2006,$9.93 B,0.95%,https://companiesmarketcap.com/img/company-logos/256/KLAC.png,logos\KLAKLAC.png
KLAKLAC,,2005,$9.84 B,7.51%,https://companiesmarketcap.com/img/company-logos/256/KLAC.png,logos\KLAKLAC.png
KLAKLAC,,2004,$9.15 B,-20.33%,https://companiesmarketcap.com/img/company-logos/256/KLAC.png,logos\KLAKLAC.png
KLAKLAC,,2003,$11.49 B,72.19%,https://companiesmarketcap.com/img/company-logos/256/KLAC.png,logos\KLAKLAC.png
KLAKLAC,,2002,$6.67 B,-28.01%,https://companiesmarketcap.com/img/company-logos/256/KLAC.png,logos\KLAKLAC.png
KLAKLAC,,2001,$9.27 B,49.19%,https://companiesmarketcap.com/img/company-logos/256/KLAC.png,logos\KLAKLAC.png
KLAKLAC,,2000,$6.21 B,-39.22%,https://companiesmarketcap.com/img/company-logos/256/KLAC.png,logos\KLAKLAC.png
KLAKLAC,,1999,$10.22 B,168.43%,https://companiesmarketcap.com/img/company-logos/256/KLAC.png,logos\KLAKLAC.png
KLAKLAC,,1998,$3.80 B,16.95%,https://companiesmarketcap.com/img/company-logos/256/KLAC.png,logos\KLAKLAC.png
KLAKLAC,,1997,$3.25 B,78.38%,https://companiesmarketcap.com/img/company-logos/256/KLAC.png,logos\KLAKLAC.png
KLAKLAC,,1996,$1.82 B,,https://companiesmarketcap.com/img/company-logos/256/KLAC.png,logos\KLAKLAC.png
L'OréalOR.PA,,2026,$234.43 B,2.53%,https://companiesmarketcap.com/img/company-logos/256/OR.PA.png,logos\L'OréalOR.PA.png
L'OréalOR.PA,,2025,$228.64 B,19.12%,https://companiesmarketcap.com/img/company-logos/256/OR.PA.png,logos\L'OréalOR.PA.png
L'OréalOR.PA,,2024,$191.94 B,-27.89%,https://companiesmarketcap.com/img/company-logos/256/OR.PA.png,logos\L'OréalOR.PA.png
L'OréalOR.PA,,2023,$266.18 B,39.71%,https://companiesmarketcap.com/img/company-logos/256/OR.PA.png,logos\L'OréalOR.PA.png
L'OréalOR.PA,,2022,$190.52 B,-24.64%,https://companiesmarketcap.com/img/company-logos/256/OR.PA.png,logos\L'OréalOR.PA.png
L'OréalOR.PA,,2021,$252.82 B,18.13%,https://companiesmarketcap.com/img/company-logos/256/OR.PA.png,logos\L'OréalOR.PA.png
L'OréalOR.PA,,2020,$214.02 B,29.67%,https://companiesmarketcap.com/img/company-logos/256/OR.PA.png,logos\L'OréalOR.PA.png
L'OréalOR.PA,,2019,$165.05 B,28.11%,https://companiesmarketcap.com/img/company-logos/256/OR.PA.png,logos\L'OréalOR.PA.png
L'OréalOR.PA,,2018,$128.83 B,4.22%,https://companiesmarketcap.com/img/company-logos/256/OR.PA.png,logos\L'OréalOR.PA.png
L'OréalOR.PA,,2017,$123.61 B,20.56%,https://companiesmarketcap.com/img/company-logos/256/OR.PA.png,logos\L'OréalOR.PA.png
L'OréalOR.PA,,2016,$102.53 B,7.83%,https://companiesmarketcap.com/img/company-logos/256/OR.PA.png,logos\L'OréalOR.PA.png
L'OréalOR.PA,,2015,$95.08 B,1.27%,https://companiesmarketcap.com/img/company-logos/256/OR.PA.png,logos\L'OréalOR.PA.png
L'OréalOR.PA,,2014,$93.89 B,-11.23%,https://companiesmarketcap.com/img/company-logos/256/OR.PA.png,logos\L'OréalOR.PA.png
L'OréalOR.PA,,2013,$105.77 B,25.21%,https://companiesmarketcap.com/img/company-logos/256/OR.PA.png,logos\L'OréalOR.PA.png
L'OréalOR.PA,,2012,$84.47 B,34%,https://companiesmarketcap.com/img/company-logos/256/OR.PA.png,logos\L'OréalOR.PA.png
L'OréalOR.PA,,2011,$63.04 B,-3.25%,https://companiesmarketcap.com/img/company-logos/256/OR.PA.png,logos\L'OréalOR.PA.png
L'OréalOR.PA,,2010,$65.16 B,-0.28%,https://companiesmarketcap.com/img/company-logos/256/OR.PA.png,logos\L'OréalOR.PA.png
L'OréalOR.PA,,2009,$65.34 B,20.93%,https://companiesmarketcap.com/img/company-logos/256/OR.PA.png,logos\L'OréalOR.PA.png
L'OréalOR.PA,,2008,$54.03 B,-37.64%,https://companiesmarketcap.com/img/company-logos/256/OR.PA.png,logos\L'OréalOR.PA.png
L'OréalOR.PA,,2007,$86.65 B,39.53%,https://companiesmarketcap.com/img/company-logos/256/OR.PA.png,logos\L'OréalOR.PA.png
L'OréalOR.PA,,2006,$62.10 B,34.71%,https://companiesmarketcap.com/img/company-logos/256/OR.PA.png,logos\L'OréalOR.PA.png
L'OréalOR.PA,,2005,$46.10 B,-8.32%,https://companiesmarketcap.com/img/company-logos/256/OR.PA.png,logos\L'OréalOR.PA.png
L'OréalOR.PA,,2004,$50.28 B,-9.11%,https://companiesmarketcap.com/img/company-logos/256/OR.PA.png,logos\L'OréalOR.PA.png
L'OréalOR.PA,,2003,$55.32 B,,https://companiesmarketcap.com/img/company-logos/256/OR.PA.png,logos\L'OréalOR.PA.png
Kweichow,Moutai600519.SS,2026,$233.88 B,-7.47%,https://companiesmarketcap.com/img/company-logos/256/600519.SS.png,logos\Moutai600519.SS.png
Kweichow,Moutai600519.SS,2025,$252.77 B,-3.96%,https://companiesmarketcap.com/img/company-logos/256/600519.SS.png,logos\Moutai600519.SS.png
Kweichow,Moutai600519.SS,2024,$263.19 B,-13.85%,https://companiesmarketcap.com/img/company-logos/256/600519.SS.png,logos\Moutai600519.SS.png
Kweichow,Moutai600519.SS,2023,$305.49 B,-1.79%,https://companiesmarketcap.com/img/company-logos/256/600519.SS.png,logos\Moutai600519.SS.png
Kweichow,Moutai600519.SS,2022,$311.05 B,-23.03%,https://companiesmarketcap.com/img/company-logos/256/600519.SS.png,logos\Moutai600519.SS.png
Kweichow,Moutai600519.SS,2021,$404.13 B,5.02%,https://companiesmarketcap.com/img/company-logos/256/600519.SS.png,logos\Moutai600519.SS.png
Kweichow,Moutai600519.SS,2020,$384.82 B,80.89%,https://companiesmarketcap.com/img/company-logos/256/600519.SS.png,logos\Moutai600519.SS.png
Kweichow,Moutai600519.SS,2019,$212.73 B,97.39%,https://companiesmarketcap.com/img/company-logos/256/600519.SS.png,logos\Moutai600519.SS.png
Kweichow,Moutai600519.SS,2018,$107.77 B,-19.66%,https://companiesmarketcap.com/img/company-logos/256/600519.SS.png,logos\Moutai600519.SS.png
Kweichow,Moutai600519.SS,2017,$134.14 B,121.96%,https://companiesmarketcap.com/img/company-logos/256/600519.SS.png,logos\Moutai600519.SS.png
Kweichow,Moutai600519.SS,2016,$60.43 B,42.91%,https://companiesmarketcap.com/img/company-logos/256/600519.SS.png,logos\Moutai600519.SS.png
Kweichow,Moutai600519.SS,2015,$42.28 B,20.93%,https://companiesmarketcap.com/img/company-logos/256/600519.SS.png,logos\Moutai600519.SS.png
Kweichow,Moutai600519.SS,2014,$34.97 B,58.79%,https://companiesmarketcap.com/img/company-logos/256/600519.SS.png,logos\Moutai600519.SS.png
Kweichow,Moutai600519.SS,2013,$22.02 B,-36.72%,https://companiesmarketcap.com/img/company-logos/256/600519.SS.png,logos\Moutai600519.SS.png
Kweichow,Moutai600519.SS,2012,$34.80 B,9.42%,https://companiesmarketcap.com/img/company-logos/256/600519.SS.png,logos\Moutai600519.SS.png
Kweichow,Moutai600519.SS,2011,$31.80 B,21.17%,https://companiesmarketcap.com/img/company-logos/256/600519.SS.png,logos\Moutai600519.SS.png
Kweichow,Moutai600519.SS,2010,$26.25 B,11.88%,https://companiesmarketcap.com/img/company-logos/256/600519.SS.png,logos\Moutai600519.SS.png
Kweichow,Moutai600519.SS,2009,$23.46 B,55.83%,https://companiesmarketcap.com/img/company-logos/256/600519.SS.png,logos\Moutai600519.SS.png
Kweichow,Moutai600519.SS,2008,$15.05 B,-47.58%,https://companiesmarketcap.com/img/company-logos/256/600519.SS.png,logos\Moutai600519.SS.png
Kweichow,Moutai600519.SS,2007,$28.72 B,170.22%,https://companiesmarketcap.com/img/company-logos/256/600519.SS.png,logos\Moutai600519.SS.png
Kweichow,Moutai600519.SS,2006,$10.63 B,298.42%,https://companiesmarketcap.com/img/company-logos/256/600519.SS.png,logos\Moutai600519.SS.png
Kweichow,Moutai600519.SS,2005,$2.66 B,53.08%,https://companiesmarketcap.com/img/company-logos/256/600519.SS.png,logos\Moutai600519.SS.png
Kweichow,Moutai600519.SS,2004,$1.74 B,87.54%,https://companiesmarketcap.com/img/company-logos/256/600519.SS.png,logos\Moutai600519.SS.png
Kweichow,Moutai600519.SS,2003,$0.92 B,9.87%,https://companiesmarketcap.com/img/company-logos/256/600519.SS.png,logos\Moutai600519.SS.png
Kweichow,Moutai600519.SS,2002,$0.84 B,-27.36%,https://companiesmarketcap.com/img/company-logos/256/600519.SS.png,logos\Moutai600519.SS.png
Kweichow,Moutai600519.SS,2001,$1.16 B,,https://companiesmarketcap.com/img/company-logos/256/600519.SS.png,logos\Moutai600519.SS.png
Marvell,TechnologyMRVL,2026,$231.30 B,210.76%,https://companiesmarketcap.com/img/company-logos/256/MRVL.png,logos\TechnologyMRVL.png
Marvell,TechnologyMRVL,2025,$74.43 B,-24.29%,https://companiesmarketcap.com/img/company-logos/256/MRVL.png,logos\TechnologyMRVL.png
Marvell,TechnologyMRVL,2024,$98.31 B,88.57%,https://companiesmarketcap.com/img/company-logos/256/MRVL.png,logos\TechnologyMRVL.png
Marvell,TechnologyMRVL,2023,$52.13 B,64.98%,https://companiesmarketcap.com/img/company-logos/256/MRVL.png,logos\TechnologyMRVL.png
Marvell,TechnologyMRVL,2022,$31.60 B,-57.19%,https://companiesmarketcap.com/img/company-logos/256/MRVL.png,logos\TechnologyMRVL.png
Marvell,TechnologyMRVL,2021,$73.82 B,131.15%,https://companiesmarketcap.com/img/company-logos/256/MRVL.png,logos\TechnologyMRVL.png
Marvell,TechnologyMRVL,2020,$31.93 B,79.28%,https://companiesmarketcap.com/img/company-logos/256/MRVL.png,logos\TechnologyMRVL.png
Marvell,TechnologyMRVL,2019,$17.81 B,67.37%,https://companiesmarketcap.com/img/company-logos/256/MRVL.png,logos\TechnologyMRVL.png
Marvell,TechnologyMRVL,2018,$10.64 B,0.17%,https://companiesmarketcap.com/img/company-logos/256/MRVL.png,logos\TechnologyMRVL.png
Marvell,TechnologyMRVL,2017,$10.62 B,50.83%,https://companiesmarketcap.com/img/company-logos/256/MRVL.png,logos\TechnologyMRVL.png
Marvell,TechnologyMRVL,2016,$7.04 B,54.31%,https://companiesmarketcap.com/img/company-logos/256/MRVL.png,logos\TechnologyMRVL.png
Marvell,TechnologyMRVL,2015,$4.56 B,-38.4%,https://companiesmarketcap.com/img/company-logos/256/MRVL.png,logos\TechnologyMRVL.png
Marvell,TechnologyMRVL,2014,$7.41 B,4.77%,https://companiesmarketcap.com/img/company-logos/256/MRVL.png,logos\TechnologyMRVL.png
Marvell,TechnologyMRVL,2013,$7.07 B,82.1%,https://companiesmarketcap.com/img/company-logos/256/MRVL.png,logos\TechnologyMRVL.png
Marvell,TechnologyMRVL,2012,$3.88 B,-51.93%,https://companiesmarketcap.com/img/company-logos/256/MRVL.png,logos\TechnologyMRVL.png
Marvell,TechnologyMRVL,2011,$8.08 B,-33.03%,https://companiesmarketcap.com/img/company-logos/256/MRVL.png,logos\TechnologyMRVL.png
Marvell,TechnologyMRVL,2010,$12.06 B,-6.93%,https://companiesmarketcap.com/img/company-logos/256/MRVL.png,logos\TechnologyMRVL.png
Marvell,TechnologyMRVL,2009,$12.96 B,216.94%,https://companiesmarketcap.com/img/company-logos/256/MRVL.png,logos\TechnologyMRVL.png
Marvell,TechnologyMRVL,2008,$4.09 B,-50.64%,https://companiesmarketcap.com/img/company-logos/256/MRVL.png,logos\TechnologyMRVL.png
Marvell,TechnologyMRVL,2007,$8.28 B,-26.48%,https://companiesmarketcap.com/img/company-logos/256/MRVL.png,logos\TechnologyMRVL.png
Marvell,TechnologyMRVL,2006,$11.27 B,-29.95%,https://companiesmarketcap.com/img/company-logos/256/MRVL.png,logos\TechnologyMRVL.png
Marvell,TechnologyMRVL,2005,$16.09 B,65.64%,https://companiesmarketcap.com/img/company-logos/256/MRVL.png,logos\TechnologyMRVL.png
Marvell,TechnologyMRVL,2004,$9.71 B,96.87%,https://companiesmarketcap.com/img/company-logos/256/MRVL.png,logos\TechnologyMRVL.png
Marvell,TechnologyMRVL,2003,$4.93 B,117.79%,https://companiesmarketcap.com/img/company-logos/256/MRVL.png,logos\TechnologyMRVL.png
Marvell,TechnologyMRVL,2002,$2.26 B,-45.83%,https://companiesmarketcap.com/img/company-logos/256/MRVL.png,logos\TechnologyMRVL.png
Marvell,TechnologyMRVL,2001,$4.18 B,123.06%,https://companiesmarketcap.com/img/company-logos/256/MRVL.png,logos\TechnologyMRVL.png
Marvell,TechnologyMRVL,2000,$1.87 B,,https://companiesmarketcap.com/img/company-logos/256/MRVL.png,logos\TechnologyMRVL.png
LVMHMC.PA,,2026,$229.24 B,-37.95%,https://companiesmarketcap.com/img/company-logos/256/MC.PA.png,logos\LVMHMC.PA.png
LVMHMC.PA,,2025,$369.45 B,11.63%,https://companiesmarketcap.com/img/company-logos/256/MC.PA.png,logos\LVMHMC.PA.png
LVMHMC.PA,,2024,$330.97 B,-18.97%,https://companiesmarketcap.com/img/company-logos/256/MC.PA.png,logos\LVMHMC.PA.png
LVMHMC.PA,,2023,$408.47 B,12.36%,https://companiesmarketcap.com/img/company-logos/256/MC.PA.png,logos\LVMHMC.PA.png
LVMHMC.PA,,2022,$363.55 B,-12.3%,https://companiesmarketcap.com/img/company-logos/256/MC.PA.png,logos\LVMHMC.PA.png
LVMHMC.PA,,2021,$414.55 B,30.92%,https://companiesmarketcap.com/img/company-logos/256/MC.PA.png,logos\LVMHMC.PA.png
LVMHMC.PA,,2020,$316.64 B,35.5%,https://companiesmarketcap.com/img/company-logos/256/MC.PA.png,logos\LVMHMC.PA.png
LVMHMC.PA,,2019,$233.69 B,57.32%,https://companiesmarketcap.com/img/company-logos/256/MC.PA.png,logos\LVMHMC.PA.png
LVMHMC.PA,,2018,$148.54 B,0.83%,https://companiesmarketcap.com/img/company-logos/256/MC.PA.png,logos\LVMHMC.PA.png
LVMHMC.PA,,2017,$147.32 B,52.59%,https://companiesmarketcap.com/img/company-logos/256/MC.PA.png,logos\LVMHMC.PA.png
LVMHMC.PA,,2016,$96.55 B,21.2%,https://companiesmarketcap.com/img/company-logos/256/MC.PA.png,logos\LVMHMC.PA.png
LVMHMC.PA,,2015,$79.66 B,-1.31%,https://companiesmarketcap.com/img/company-logos/256/MC.PA.png,logos\LVMHMC.PA.png
LVMHMC.PA,,2014,$80.72 B,-11.91%,https://companiesmarketcap.com/img/company-logos/256/MC.PA.png,logos\LVMHMC.PA.png
LVMHMC.PA,,2013,$91.63 B,-0.18%,https://companiesmarketcap.com/img/company-logos/256/MC.PA.png,logos\LVMHMC.PA.png
LVMHMC.PA,,2012,$91.79 B,27.54%,https://companiesmarketcap.com/img/company-logos/256/MC.PA.png,logos\LVMHMC.PA.png
LVMHMC.PA,,2011,$71.97 B,-10.28%,https://companiesmarketcap.com/img/company-logos/256/MC.PA.png,logos\LVMHMC.PA.png
LVMHMC.PA,,2010,$80.22 B,45.81%,https://companiesmarketcap.com/img/company-logos/256/MC.PA.png,logos\LVMHMC.PA.png
LVMHMC.PA,,2009,$55.01 B,68.15%,https://companiesmarketcap.com/img/company-logos/256/MC.PA.png,logos\LVMHMC.PA.png
LVMHMC.PA,,2008,$32.71 B,-44.68%,https://companiesmarketcap.com/img/company-logos/256/MC.PA.png,logos\LVMHMC.PA.png
LVMHMC.PA,,2007,$59.14 B,14.41%,https://companiesmarketcap.com/img/company-logos/256/MC.PA.png,logos\LVMHMC.PA.png
LVMHMC.PA,,2006,$51.69 B,18.74%,https://companiesmarketcap.com/img/company-logos/256/MC.PA.png,logos\LVMHMC.PA.png
LVMHMC.PA,,2005,$43.53 B,16.26%,https://companiesmarketcap.com/img/company-logos/256/MC.PA.png,logos\LVMHMC.PA.png
LVMHMC.PA,,2004,$37.45 B,5.22%,https://companiesmarketcap.com/img/company-logos/256/MC.PA.png,logos\LVMHMC.PA.png
LVMHMC.PA,,2003,$35.59 B,77.5%,https://companiesmarketcap.com/img/company-logos/256/MC.PA.png,logos\LVMHMC.PA.png
LVMHMC.PA,,2002,$20.05 B,,https://companiesmarketcap.com/img/company-logos/256/MC.PA.png,logos\LVMHMC.PA.png
SoftBank Group,Corp.9984.T,2026,$228.71 B,41.21%,https://companiesmarketcap.com/img/company-logos/256/9984.T.png,logos\Corp.9984.T.png
SoftBank Group,Corp.9984.T,2025,$161.96 B,91.58%,https://companiesmarketcap.com/img/company-logos/256/9984.T.png,logos\Corp.9984.T.png
SoftBank Group,Corp.9984.T,2024,$84.54 B,29.26%,https://companiesmarketcap.com/img/company-logos/256/9984.T.png,logos\Corp.9984.T.png
SoftBank Group,Corp.9984.T,2023,$65.40 B,5.98%,https://companiesmarketcap.com/img/company-logos/256/9984.T.png,logos\Corp.9984.T.png
SoftBank Group,Corp.9984.T,2022,$61.71 B,-23.22%,https://companiesmarketcap.com/img/company-logos/256/9984.T.png,logos\Corp.9984.T.png
SoftBank Group,Corp.9984.T,2021,$80.37 B,-42.91%,https://companiesmarketcap.com/img/company-logos/256/9984.T.png,logos\Corp.9984.T.png
SoftBank Group,Corp.9984.T,2020,$140.78 B,55.59%,https://companiesmarketcap.com/img/company-logos/256/9984.T.png,logos\Corp.9984.T.png
SoftBank Group,Corp.9984.T,2019,$90.48 B,25.44%,https://companiesmarketcap.com/img/company-logos/256/9984.T.png,logos\Corp.9984.T.png
SoftBank Group,Corp.9984.T,2018,$72.13 B,-16.22%,https://companiesmarketcap.com/img/company-logos/256/9984.T.png,logos\Corp.9984.T.png
SoftBank Group,Corp.9984.T,2017,$86.09 B,18.39%,https://companiesmarketcap.com/img/company-logos/256/9984.T.png,logos\Corp.9984.T.png
SoftBank Group,Corp.9984.T,2016,$72.72 B,19.99%,https://companiesmarketcap.com/img/company-logos/256/9984.T.png,logos\Corp.9984.T.png
SoftBank Group,Corp.9984.T,2015,$60.61 B,-15.5%,https://companiesmarketcap.com/img/company-logos/256/9984.T.png,logos\Corp.9984.T.png
SoftBank Group,Corp.9984.T,2014,$71.73 B,-31.33%,https://companiesmarketcap.com/img/company-logos/256/9984.T.png,logos\Corp.9984.T.png
SoftBank Group,Corp.9984.T,2013,$104.46 B,158.5%,https://companiesmarketcap.com/img/company-logos/256/9984.T.png,logos\Corp.9984.T.png
SoftBank Group,Corp.9984.T,2012,$40.41 B,26.98%,https://companiesmarketcap.com/img/company-logos/256/9984.T.png,logos\Corp.9984.T.png
SoftBank Group,Corp.9984.T,2011,$31.82 B,-14.77%,https://companiesmarketcap.com/img/company-logos/256/9984.T.png,logos\Corp.9984.T.png
SoftBank Group,Corp.9984.T,2010,$37.34 B,47.72%,https://companiesmarketcap.com/img/company-logos/256/9984.T.png,logos\Corp.9984.T.png
SoftBank Group,Corp.9984.T,2009,$25.27 B,32.28%,https://companiesmarketcap.com/img/company-logos/256/9984.T.png,logos\Corp.9984.T.png
SoftBank Group,Corp.9984.T,2008,$19.10 B,-14.54%,https://companiesmarketcap.com/img/company-logos/256/9984.T.png,logos\Corp.9984.T.png
SoftBank Group,Corp.9984.T,2007,$22.36 B,8.92%,https://companiesmarketcap.com/img/company-logos/256/9984.T.png,logos\Corp.9984.T.png
SoftBank Group,Corp.9984.T,2006,$20.53 B,-53.87%,https://companiesmarketcap.com/img/company-logos/256/9984.T.png,logos\Corp.9984.T.png
SoftBank Group,Corp.9984.T,2005,$44.51 B,160.19%,https://companiesmarketcap.com/img/company-logos/256/9984.T.png,logos\Corp.9984.T.png
SoftBank Group,Corp.9984.T,2004,$17.10 B,66.28%,https://companiesmarketcap.com/img/company-logos/256/9984.T.png,logos\Corp.9984.T.png
SoftBank Group,Corp.9984.T,2003,$10.28 B,167.69%,https://companiesmarketcap.com/img/company-logos/256/9984.T.png,logos\Corp.9984.T.png
SoftBank Group,Corp.9984.T,2002,$3.84 B,-29.1%,https://companiesmarketcap.com/img/company-logos/256/9984.T.png,logos\Corp.9984.T.png
SoftBank Group,Corp.9984.T,2001,$5.42 B,41.79%,https://companiesmarketcap.com/img/company-logos/256/9984.T.png,logos\Corp.9984.T.png
SoftBank Group,Corp.9984.T,2000,$3.82 B,,https://companiesmarketcap.com/img/company-logos/256/9984.T.png,logos\Corp.9984.T.png
ToyotaTM,,2026,$227.95 B,-19.26%,https://companiesmarketcap.com/img/company-logos/256/TM.png,logos\ToyotaTM.png
ToyotaTM,,2025,$282.32 B,6.56%,https://companiesmarketcap.com/img/company-logos/256/TM.png,logos\ToyotaTM.png
ToyotaTM,,2024,$264.94 B,7.06%,https://companiesmarketcap.com/img/company-logos/256/TM.png,logos\ToyotaTM.png
ToyotaTM,,2023,$247.48 B,32.8%,https://companiesmarketcap.com/img/company-logos/256/TM.png,logos\ToyotaTM.png
ToyotaTM,,2022,$186.35 B,-26.3%,https://companiesmarketcap.com/img/company-logos/256/TM.png,logos\ToyotaTM.png
ToyotaTM,,2021,$252.84 B,17.21%,https://companiesmarketcap.com/img/company-logos/256/TM.png,logos\ToyotaTM.png
ToyotaTM,,2020,$215.71 B,9.54%,https://companiesmarketcap.com/img/company-logos/256/TM.png,logos\ToyotaTM.png
ToyotaTM,,2019,$196.93 B,19.15%,https://companiesmarketcap.com/img/company-logos/256/TM.png,logos\ToyotaTM.png
ToyotaTM,,2018,$165.27 B,-13.48%,https://companiesmarketcap.com/img/company-logos/256/TM.png,logos\ToyotaTM.png
ToyotaTM,,2017,$191.03 B,-3.23%,https://companiesmarketcap.com/img/company-logos/256/TM.png,logos\ToyotaTM.png
ToyotaTM,,2016,$197.39 B,3.32%,https://companiesmarketcap.com/img/company-logos/256/TM.png,logos\ToyotaTM.png
ToyotaTM,,2015,$191.06 B,-3.98%,https://companiesmarketcap.com/img/company-logos/256/TM.png,logos\ToyotaTM.png
ToyotaTM,,2014,$198.99 B,2.62%,https://companiesmarketcap.com/img/company-logos/256/TM.png,logos\ToyotaTM.png
ToyotaTM,,2013,$193.90 B,31.46%,https://companiesmarketcap.com/img/company-logos/256/TM.png,logos\ToyotaTM.png
ToyotaTM,,2012,$147.50 B,42.5%,https://companiesmarketcap.com/img/company-logos/256/TM.png,logos\ToyotaTM.png
ToyotaTM,,2011,$103.51 B,-16.45%,https://companiesmarketcap.com/img/company-logos/256/TM.png,logos\ToyotaTM.png
ToyotaTM,,2010,$123.89 B,-5.25%,https://companiesmarketcap.com/img/company-logos/256/TM.png,logos\ToyotaTM.png
ToyotaTM,,2009,$130.75 B,27.41%,https://companiesmarketcap.com/img/company-logos/256/TM.png,logos\ToyotaTM.png
ToyotaTM,,2008,$102.62 B,-39.55%,https://companiesmarketcap.com/img/company-logos/256/TM.png,logos\ToyotaTM.png
ToyotaTM,,2007,$169.76 B,-22.02%,https://companiesmarketcap.com/img/company-logos/256/TM.png,logos\ToyotaTM.png
ToyotaTM,,2006,$217.70 B,27.34%,https://companiesmarketcap.com/img/company-logos/256/TM.png,logos\ToyotaTM.png
ToyotaTM,,2005,$170.95 B,25.39%,https://companiesmarketcap.com/img/company-logos/256/TM.png,logos\ToyotaTM.png
ToyotaTM,,2004,$136.33 B,14.9%,https://companiesmarketcap.com/img/company-logos/256/TM.png,logos\ToyotaTM.png
ToyotaTM,,2003,$118.64 B,22.67%,https://companiesmarketcap.com/img/company-logos/256/TM.png,logos\ToyotaTM.png
ToyotaTM,,2002,$96.72 B,3.02%,https://companiesmarketcap.com/img/company-logos/256/TM.png,logos\ToyotaTM.png
ToyotaTM,,2001,$93.89 B,-20.44%,https://companiesmarketcap.com/img/company-logos/256/TM.png,logos\ToyotaTM.png
ToyotaTM,,2000,$118.01 B,-35.55%,https://companiesmarketcap.com/img/company-logos/256/TM.png,logos\ToyotaTM.png
ToyotaTM,,1999,$183.09 B,80.98%,https://companiesmarketcap.com/img/company-logos/256/TM.png,logos\ToyotaTM.png
ToyotaTM,,1998,$101.16 B,-6.98%,https://companiesmarketcap.com/img/company-logos/256/TM.png,logos\ToyotaTM.png
ToyotaTM,,1997,$108.76 B,0.83%,https://companiesmarketcap.com/img/company-logos/256/TM.png,logos\ToyotaTM.png
ToyotaTM,,1996,$107.86 B,,https://companiesmarketcap.com/img/company-logos/256/TM.png,logos\ToyotaTM.png
CitigroupC,,2026,$226.53 B,2.19%,https://companiesmarketcap.com/img/company-logos/256/C.png,logos\CitigroupC.png
CitigroupC,,2025,$221.68 B,65.09%,https://companiesmarketcap.com/img/company-logos/256/C.png,logos\CitigroupC.png
CitigroupC,,2024,$134.27 B,36.39%,https://companiesmarketcap.com/img/company-logos/256/C.png,logos\CitigroupC.png
CitigroupC,,2023,$98.44 B,12.38%,https://companiesmarketcap.com/img/company-logos/256/C.png,logos\CitigroupC.png
CitigroupC,,2022,$87.60 B,-26.89%,https://companiesmarketcap.com/img/company-logos/256/C.png,logos\CitigroupC.png
CitigroupC,,2021,$119.82 B,-6.66%,https://companiesmarketcap.com/img/company-logos/256/C.png,logos\CitigroupC.png
CitigroupC,,2020,$128.37 B,-23.99%,https://companiesmarketcap.com/img/company-logos/256/C.png,logos\CitigroupC.png
CitigroupC,,2019,$168.89 B,36.98%,https://companiesmarketcap.com/img/company-logos/256/C.png,logos\CitigroupC.png
CitigroupC,,2018,$123.30 B,-37.33%,https://companiesmarketcap.com/img/company-logos/256/C.png,logos\CitigroupC.png
CitigroupC,,2017,$196.74 B,16.17%,https://companiesmarketcap.com/img/company-logos/256/C.png,logos\CitigroupC.png
CitigroupC,,2016,$169.35 B,10.81%,https://companiesmarketcap.com/img/company-logos/256/C.png,logos\CitigroupC.png
CitigroupC,,2015,$152.83 B,-6.6%,https://companiesmarketcap.com/img/company-logos/256/C.png,logos\CitigroupC.png
CitigroupC,,2014,$163.62 B,3.66%,https://companiesmarketcap.com/img/company-logos/256/C.png,logos\CitigroupC.png
CitigroupC,,2013,$157.85 B,31.74%,https://companiesmarketcap.com/img/company-logos/256/C.png,logos\CitigroupC.png
CitigroupC,,2012,$119.82 B,55.77%,https://companiesmarketcap.com/img/company-logos/256/C.png,logos\CitigroupC.png
CitigroupC,,2011,$76.92 B,-44.03%,https://companiesmarketcap.com/img/company-logos/256/C.png,logos\CitigroupC.png
CitigroupC,,2010,$137.44 B,45.79%,https://companiesmarketcap.com/img/company-logos/256/C.png,logos\CitigroupC.png
CitigroupC,,2009,$94.27 B,147.73%,https://companiesmarketcap.com/img/company-logos/256/C.png,logos\CitigroupC.png
CitigroupC,,2008,$38.05 B,-76.4%,https://companiesmarketcap.com/img/company-logos/256/C.png,logos\CitigroupC.png
CitigroupC,,2007,$161.25 B,-41.06%,https://companiesmarketcap.com/img/company-logos/256/C.png,logos\CitigroupC.png
CitigroupC,,2006,$273.59 B,9.32%,https://companiesmarketcap.com/img/company-logos/256/C.png,logos\CitigroupC.png
CitigroupC,,2005,$250.26 B,-0%,https://companiesmarketcap.com/img/company-logos/256/C.png,logos\CitigroupC.png
CitigroupC,,2004,$250.27 B,-0.02%,https://companiesmarketcap.com/img/company-logos/256/C.png,logos\CitigroupC.png
CitigroupC,,2003,$250.31 B,38.37%,https://companiesmarketcap.com/img/company-logos/256/C.png,logos\CitigroupC.png
CitigroupC,,2002,$180.90 B,-30.4%,https://companiesmarketcap.com/img/company-logos/256/C.png,logos\CitigroupC.png
CitigroupC,,2001,$259.90 B,1.35%,https://companiesmarketcap.com/img/company-logos/256/C.png,logos\CitigroupC.png
CitigroupC,,2000,$256.45 B,27.49%,https://companiesmarketcap.com/img/company-logos/256/C.png,logos\CitigroupC.png
CitigroupC,,1999,$201.15 B,68.65%,https://companiesmarketcap.com/img/company-logos/256/C.png,logos\CitigroupC.png
CitigroupC,,1998,$119.27 B,93.36%,https://companiesmarketcap.com/img/company-logos/256/C.png,logos\CitigroupC.png
CitigroupC,,1997,$61.68 B,111.28%,https://companiesmarketcap.com/img/company-logos/256/C.png,logos\CitigroupC.png
CitigroupC,,1996,$29.19 B,,https://companiesmarketcap.com/img/company-logos/256/C.png,logos\CitigroupC.png
PetroChina0857.HK,,2026,$221.86 B,-13.74%,https://companiesmarketcap.com/img/company-logos/256/0857.HK.png,logos\PetroChina0857.HK.png
PetroChina0857.HK,,2025,$257.21 B,19.96%,https://companiesmarketcap.com/img/company-logos/256/0857.HK.png,logos\PetroChina0857.HK.png
PetroChina0857.HK,,2024,$214.42 B,22.68%,https://companiesmarketcap.com/img/company-logos/256/0857.HK.png,logos\PetroChina0857.HK.png
PetroChina0857.HK,,2023,$174.78 B,39.93%,https://companiesmarketcap.com/img/company-logos/256/0857.HK.png,logos\PetroChina0857.HK.png
PetroChina0857.HK,,2022,$124.90 B,-6.87%,https://companiesmarketcap.com/img/company-logos/256/0857.HK.png,logos\PetroChina0857.HK.png
PetroChina0857.HK,,2021,$134.12 B,22.65%,https://companiesmarketcap.com/img/company-logos/256/0857.HK.png,logos\PetroChina0857.HK.png
PetroChina0857.HK,,2020,$109.36 B,-24.85%,https://companiesmarketcap.com/img/company-logos/256/0857.HK.png,logos\PetroChina0857.HK.png
PetroChina0857.HK,,2019,$145.52 B,-20.44%,https://companiesmarketcap.com/img/company-logos/256/0857.HK.png,logos\PetroChina0857.HK.png
PetroChina0857.HK,,2018,$182.89 B,-15.07%,https://companiesmarketcap.com/img/company-logos/256/0857.HK.png,logos\PetroChina0857.HK.png
PetroChina0857.HK,,2017,$215.34 B,7.08%,https://companiesmarketcap.com/img/company-logos/256/0857.HK.png,logos\PetroChina0857.HK.png
PetroChina0857.HK,,2016,$201.11 B,-9.47%,https://companiesmarketcap.com/img/company-logos/256/0857.HK.png,logos\PetroChina0857.HK.png
PetroChina0857.HK,,2015,$222.14 B,-27.31%,https://companiesmarketcap.com/img/company-logos/256/0857.HK.png,logos\PetroChina0857.HK.png
PetroChina0857.HK,,2014,$305.60 B,33.36%,https://companiesmarketcap.com/img/company-logos/256/0857.HK.png,logos\PetroChina0857.HK.png
PetroChina0857.HK,,2013,$229.16 B,-13.33%,https://companiesmarketcap.com/img/company-logos/256/0857.HK.png,logos\PetroChina0857.HK.png
PetroChina0857.HK,,2012,$264.42 B,-4.07%,https://companiesmarketcap.com/img/company-logos/256/0857.HK.png,logos\PetroChina0857.HK.png
PetroChina0857.HK,,2011,$275.65 B,-8.57%,https://companiesmarketcap.com/img/company-logos/256/0857.HK.png,logos\PetroChina0857.HK.png
PetroChina0857.HK,,2010,$301.47 B,-14.63%,https://companiesmarketcap.com/img/company-logos/256/0857.HK.png,logos\PetroChina0857.HK.png
PetroChina0857.HK,,2009,$353.15 B,35.54%,https://companiesmarketcap.com/img/company-logos/256/0857.HK.png,logos\PetroChina0857.HK.png
PetroChina0857.HK,,2008,$260.56 B,-64.64%,https://companiesmarketcap.com/img/company-logos/256/0857.HK.png,logos\PetroChina0857.HK.png
PetroChina0857.HK,,2007,$736.80 B,190.47%,https://companiesmarketcap.com/img/company-logos/256/0857.HK.png,logos\PetroChina0857.HK.png
PetroChina0857.HK,,2006,$253.65 B,74.38%,https://companiesmarketcap.com/img/company-logos/256/0857.HK.png,logos\PetroChina0857.HK.png
PetroChina0857.HK,,2005,$145.46 B,54.92%,https://companiesmarketcap.com/img/company-logos/256/0857.HK.png,logos\PetroChina0857.HK.png
PetroChina0857.HK,,2004,$93.89 B,,https://companiesmarketcap.com/img/company-logos/256/0857.HK.png,logos\PetroChina0857.HK.png
China,Mobile0941.HK,2026,$218.90 B,-6.15%,https://companiesmarketcap.com/img/company-logos/256/0941.HK.png,logos\Mobile0941.HK.png
China,Mobile0941.HK,2025,$233.25 B,8.01%,https://companiesmarketcap.com/img/company-logos/256/0941.HK.png,logos\Mobile0941.HK.png
China,Mobile0941.HK,2024,$215.96 B,18.25%,https://companiesmarketcap.com/img/company-logos/256/0941.HK.png,logos\Mobile0941.HK.png
China,Mobile0941.HK,2023,$182.63 B,25.94%,https://companiesmarketcap.com/img/company-logos/256/0941.HK.png,logos\Mobile0941.HK.png
China,Mobile0941.HK,2022,$145.01 B,18%,https://companiesmarketcap.com/img/company-logos/256/0941.HK.png,logos\Mobile0941.HK.png
China,Mobile0941.HK,2021,$122.89 B,4.91%,https://companiesmarketcap.com/img/company-logos/256/0941.HK.png,logos\Mobile0941.HK.png
China,Mobile0941.HK,2020,$117.13 B,-31.98%,https://companiesmarketcap.com/img/company-logos/256/0941.HK.png,logos\Mobile0941.HK.png
China,Mobile0941.HK,2019,$172.20 B,-12.59%,https://companiesmarketcap.com/img/company-logos/256/0941.HK.png,logos\Mobile0941.HK.png
China,Mobile0941.HK,2018,$197.01 B,-5.09%,https://companiesmarketcap.com/img/company-logos/256/0941.HK.png,logos\Mobile0941.HK.png
China,Mobile0941.HK,2017,$207.58 B,-4.35%,https://companiesmarketcap.com/img/company-logos/256/0941.HK.png,logos\Mobile0941.HK.png
China,Mobile0941.HK,2016,$217.03 B,-6.11%,https://companiesmarketcap.com/img/company-logos/256/0941.HK.png,logos\Mobile0941.HK.png
China,Mobile0941.HK,2015,$231.15 B,-3.07%,https://companiesmarketcap.com/img/company-logos/256/0941.HK.png,logos\Mobile0941.HK.png
China,Mobile0941.HK,2014,$238.46 B,14.41%,https://companiesmarketcap.com/img/company-logos/256/0941.HK.png,logos\Mobile0941.HK.png
China,Mobile0941.HK,2013,$208.43 B,-10.94%,https://companiesmarketcap.com/img/company-logos/256/0941.HK.png,logos\Mobile0941.HK.png
China,Mobile0941.HK,2012,$234.03 B,19.43%,https://companiesmarketcap.com/img/company-logos/256/0941.HK.png,logos\Mobile0941.HK.png
China,Mobile0941.HK,2011,$195.96 B,-1.55%,https://companiesmarketcap.com/img/company-logos/256/0941.HK.png,logos\Mobile0941.HK.png
China,Mobile0941.HK,2010,$199.05 B,5.61%,https://companiesmarketcap.com/img/company-logos/256/0941.HK.png,logos\Mobile0941.HK.png
China,Mobile0941.HK,2009,$188.48 B,-6.65%,https://companiesmarketcap.com/img/company-logos/256/0941.HK.png,logos\Mobile0941.HK.png
China,Mobile0941.HK,2008,$201.90 B,-43.01%,https://companiesmarketcap.com/img/company-logos/256/0941.HK.png,logos\Mobile0941.HK.png
China,Mobile0941.HK,2007,$354.29 B,104.81%,https://companiesmarketcap.com/img/company-logos/256/0941.HK.png,logos\Mobile0941.HK.png
China,Mobile0941.HK,2006,$172.98 B,84.5%,https://companiesmarketcap.com/img/company-logos/256/0941.HK.png,logos\Mobile0941.HK.png
China,Mobile0941.HK,2005,$93.75 B,40.56%,https://companiesmarketcap.com/img/company-logos/256/0941.HK.png,logos\Mobile0941.HK.png
China,Mobile0941.HK,2004,$66.70 B,10.44%,https://companiesmarketcap.com/img/company-logos/256/0941.HK.png,logos\Mobile0941.HK.png
China,Mobile0941.HK,2003,$60.40 B,28.74%,https://companiesmarketcap.com/img/company-logos/256/0941.HK.png,logos\Mobile0941.HK.png
China,Mobile0941.HK,2002,$46.91 B,-28.37%,https://companiesmarketcap.com/img/company-logos/256/0941.HK.png,logos\Mobile0941.HK.png
China,Mobile0941.HK,2001,$65.49 B,-35.54%,https://companiesmarketcap.com/img/company-logos/256/0941.HK.png,logos\Mobile0941.HK.png
China,Mobile0941.HK,2000,$101.60 B,,https://companiesmarketcap.com/img/company-logos/256/0941.HK.png,logos\Mobile0941.HK.png
International Holding,CompanyIHC.AE,2026,$218.82 B,-8.32%,https://companiesmarketcap.com/img/company-logos/256/IHC.AE.png,logos\CompanyIHC.AE.png
International Holding,CompanyIHC.AE,2025,$238.68 B,-0.58%,https://companiesmarketcap.com/img/company-logos/256/IHC.AE.png,logos\CompanyIHC.AE.png
International Holding,CompanyIHC.AE,2024,$240.09 B,0.62%,https://companiesmarketcap.com/img/company-logos/256/IHC.AE.png,logos\CompanyIHC.AE.png
International Holding,CompanyIHC.AE,2023,$238.61 B,,https://companiesmarketcap.com/img/company-logos/256/IHC.AE.png,logos\CompanyIHC.AE.png
BHP,GroupBHP,2026,$218.79 B,37.62%,https://companiesmarketcap.com/img/company-logos/256/BHP.png,logos\GroupBHP.png
BHP,GroupBHP,2025,$158.98 B,27.67%,https://companiesmarketcap.com/img/company-logos/256/BHP.png,logos\GroupBHP.png
BHP,GroupBHP,2024,$124.52 B,-27.96%,https://companiesmarketcap.com/img/company-logos/256/BHP.png,logos\GroupBHP.png
BHP,GroupBHP,2023,$172.85 B,10.09%,https://companiesmarketcap.com/img/company-logos/256/BHP.png,logos\GroupBHP.png
BHP,GroupBHP,2022,$157.01 B,3.1%,https://companiesmarketcap.com/img/company-logos/256/BHP.png,logos\GroupBHP.png
BHP,GroupBHP,2021,$152.29 B,-7.7%,https://companiesmarketcap.com/img/company-logos/256/BHP.png,logos\GroupBHP.png
BHP,GroupBHP,2020,$165.00 B,19.75%,https://companiesmarketcap.com/img/company-logos/256/BHP.png,logos\GroupBHP.png
BHP,GroupBHP,2019,$137.78 B,13%,https://companiesmarketcap.com/img/company-logos/256/BHP.png,logos\GroupBHP.png
BHP,GroupBHP,2018,$121.93 B,-0.61%,https://companiesmarketcap.com/img/company-logos/256/BHP.png,logos\GroupBHP.png
BHP,GroupBHP,2017,$122.68 B,27.16%,https://companiesmarketcap.com/img/company-logos/256/BHP.png,logos\GroupBHP.png
BHP,GroupBHP,2016,$96.48 B,39.43%,https://companiesmarketcap.com/img/company-logos/256/BHP.png,logos\GroupBHP.png
BHP,GroupBHP,2015,$69.19 B,-45.87%,https://companiesmarketcap.com/img/company-logos/256/BHP.png,logos\GroupBHP.png
BHP,GroupBHP,2014,$127.84 B,-29.11%,https://companiesmarketcap.com/img/company-logos/256/BHP.png,logos\GroupBHP.png
BHP,GroupBHP,2013,$180.33 B,-12.1%,https://companiesmarketcap.com/img/company-logos/256/BHP.png,logos\GroupBHP.png
BHP,GroupBHP,2012,$205.15 B,9.94%,https://companiesmarketcap.com/img/company-logos/256/BHP.png,logos\GroupBHP.png
BHP,GroupBHP,2011,$186.61 B,-27.02%,https://companiesmarketcap.com/img/company-logos/256/BHP.png,logos\GroupBHP.png
BHP,GroupBHP,2010,$255.71 B,-15.05%,https://companiesmarketcap.com/img/company-logos/256/BHP.png,logos\GroupBHP.png
BHP,GroupBHP,2009,$301.01 B,154.12%,https://companiesmarketcap.com/img/company-logos/256/BHP.png,logos\GroupBHP.png
BHP,GroupBHP,2008,$118.45 B,-40.91%,https://companiesmarketcap.com/img/company-logos/256/BHP.png,logos\GroupBHP.png
BHP,GroupBHP,2007,$200.45 B,69.11%,https://companiesmarketcap.com/img/company-logos/256/BHP.png,logos\GroupBHP.png
BHP,GroupBHP,2006,$118.53 B,17.13%,https://companiesmarketcap.com/img/company-logos/256/BHP.png,logos\GroupBHP.png
BHP,GroupBHP,2005,$101.19 B,36.02%,https://companiesmarketcap.com/img/company-logos/256/BHP.png,logos\GroupBHP.png
BHP,GroupBHP,2004,$74.39 B,30.47%,https://companiesmarketcap.com/img/company-logos/256/BHP.png,logos\GroupBHP.png
BHP,GroupBHP,2003,$57.02 B,64.08%,https://companiesmarketcap.com/img/company-logos/256/BHP.png,logos\GroupBHP.png
BHP,GroupBHP,2002,$34.75 B,7.73%,https://companiesmarketcap.com/img/company-logos/256/BHP.png,logos\GroupBHP.png
BHP,GroupBHP,2001,$32.25 B,71.42%,https://companiesmarketcap.com/img/company-logos/256/BHP.png,logos\GroupBHP.png
BHP,GroupBHP,2000,$18.81 B,-18.75%,https://companiesmarketcap.com/img/company-logos/256/BHP.png,logos\GroupBHP.png
BHP,GroupBHP,1999,$23.16 B,88.86%,https://companiesmarketcap.com/img/company-logos/256/BHP.png,logos\GroupBHP.png
BHP,GroupBHP,1998,$12.26 B,-19.69%,https://companiesmarketcap.com/img/company-logos/256/BHP.png,logos\GroupBHP.png
BHP,GroupBHP,1997,$15.26 B,-32.98%,https://companiesmarketcap.com/img/company-logos/256/BHP.png,logos\GroupBHP.png
BHP,GroupBHP,1996,$22.78 B,,https://companiesmarketcap.com/img/company-logos/256/BHP.png,logos\GroupBHP.png
IBMIBM,,2026,$218.50 B,-23.38%,https://companiesmarketcap.com/img/company-logos/256/IBM.png,logos\IBMIBM.png
IBMIBM,,2025,$285.17 B,38.44%,https://companiesmarketcap.com/img/company-logos/256/IBM.png,logos\IBMIBM.png
IBMIBM,,2024,$205.99 B,37.93%,https://companiesmarketcap.com/img/company-logos/256/IBM.png,logos\IBMIBM.png
IBMIBM,,2023,$149.34 B,18.26%,https://companiesmarketcap.com/img/company-logos/256/IBM.png,logos\IBMIBM.png
IBMIBM,,2022,$126.28 B,5.35%,https://companiesmarketcap.com/img/company-logos/256/IBM.png,logos\IBMIBM.png
IBMIBM,,2021,$119.86 B,6.86%,https://companiesmarketcap.com/img/company-logos/256/IBM.png,logos\IBMIBM.png
IBMIBM,,2020,$112.16 B,-5.67%,https://companiesmarketcap.com/img/company-logos/256/IBM.png,logos\IBMIBM.png
IBMIBM,,2019,$118.90 B,17.21%,https://companiesmarketcap.com/img/company-logos/256/IBM.png,logos\IBMIBM.png
IBMIBM,,2018,$101.44 B,-28.58%,https://companiesmarketcap.com/img/company-logos/256/IBM.png,logos\IBMIBM.png
IBMIBM,,2017,$142.03 B,-10.01%,https://companiesmarketcap.com/img/company-logos/256/IBM.png,logos\IBMIBM.png
IBMIBM,,2016,$157.83 B,18.76%,https://companiesmarketcap.com/img/company-logos/256/IBM.png,logos\IBMIBM.png
IBMIBM,,2015,$132.90 B,-16.37%,https://companiesmarketcap.com/img/company-logos/256/IBM.png,logos\IBMIBM.png
IBMIBM,,2014,$158.91 B,-19.65%,https://companiesmarketcap.com/img/company-logos/256/IBM.png,logos\IBMIBM.png
IBMIBM,,2013,$197.77 B,-7.6%,https://companiesmarketcap.com/img/company-logos/256/IBM.png,logos\IBMIBM.png
IBMIBM,,2012,$214.03 B,-1.24%,https://companiesmarketcap.com/img/company-logos/256/IBM.png,logos\IBMIBM.png
IBMIBM,,2011,$216.72 B,20.26%,https://companiesmarketcap.com/img/company-logos/256/IBM.png,logos\IBMIBM.png
IBMIBM,,2010,$180.22 B,5.47%,https://companiesmarketcap.com/img/company-logos/256/IBM.png,logos\IBMIBM.png
IBMIBM,,2009,$170.86 B,51.62%,https://companiesmarketcap.com/img/company-logos/256/IBM.png,logos\IBMIBM.png
IBMIBM,,2008,$112.69 B,-24.69%,https://companiesmarketcap.com/img/company-logos/256/IBM.png,logos\IBMIBM.png
IBMIBM,,2007,$149.64 B,2.31%,https://companiesmarketcap.com/img/company-logos/256/IBM.png,logos\IBMIBM.png
IBMIBM,,2006,$146.26 B,13.53%,https://companiesmarketcap.com/img/company-logos/256/IBM.png,logos\IBMIBM.png
IBMIBM,,2005,$128.83 B,-20.58%,https://companiesmarketcap.com/img/company-logos/256/IBM.png,logos\IBMIBM.png
IBMIBM,,2004,$162.22 B,3.3%,https://companiesmarketcap.com/img/company-logos/256/IBM.png,logos\IBMIBM.png
IBMIBM,,2003,$157.04 B,17.65%,https://companiesmarketcap.com/img/company-logos/256/IBM.png,logos\IBMIBM.png
IBMIBM,,2002,$133.48 B,-35.96%,https://companiesmarketcap.com/img/company-logos/256/IBM.png,logos\IBMIBM.png
IBMIBM,,2001,$208.43 B,40.7%,https://companiesmarketcap.com/img/company-logos/256/IBM.png,logos\IBMIBM.png
IBMIBM,,2000,$148.14 B,-23.03%,https://companiesmarketcap.com/img/company-logos/256/IBM.png,logos\IBMIBM.png
IBMIBM,,1999,$192.47 B,13.98%,https://companiesmarketcap.com/img/company-logos/256/IBM.png,logos\IBMIBM.png
IBMIBM,,1998,$168.87 B,68.46%,https://companiesmarketcap.com/img/company-logos/256/IBM.png,logos\IBMIBM.png
IBMIBM,,1997,$100.24 B,30.25%,https://companiesmarketcap.com/img/company-logos/256/IBM.png,logos\IBMIBM.png
IBMIBM,,1996,$76.95 B,,https://companiesmarketcap.com/img/company-logos/256/IBM.png,logos\IBMIBM.png
AmgenAMGN,,2026,$212.55 B,18.56%,https://companiesmarketcap.com/img/company-logos/256/AMGN.png,logos\AmgenAMGN.png
AmgenAMGN,,2025,$179.27 B,26.98%,https://companiesmarketcap.com/img/company-logos/256/AMGN.png,logos\AmgenAMGN.png
AmgenAMGN,,2024,$141.18 B,-8.41%,https://companiesmarketcap.com/img/company-logos/256/AMGN.png,logos\AmgenAMGN.png
AmgenAMGN,,2023,$154.14 B,9.99%,https://companiesmarketcap.com/img/company-logos/256/AMGN.png,logos\AmgenAMGN.png
AmgenAMGN,,2022,$140.13 B,10.59%,https://companiesmarketcap.com/img/company-logos/256/AMGN.png,logos\AmgenAMGN.png
AmgenAMGN,,2021,$126.71 B,-5.33%,https://companiesmarketcap.com/img/company-logos/256/AMGN.png,logos\AmgenAMGN.png
AmgenAMGN,,2020,$133.85 B,-6.11%,https://companiesmarketcap.com/img/company-logos/256/AMGN.png,logos\AmgenAMGN.png
AmgenAMGN,,2019,$142.56 B,16.32%,https://companiesmarketcap.com/img/company-logos/256/AMGN.png,logos\AmgenAMGN.png
AmgenAMGN,,2018,$122.56 B,-2.91%,https://companiesmarketcap.com/img/company-logos/256/AMGN.png,logos\AmgenAMGN.png
AmgenAMGN,,2017,$126.23 B,16.06%,https://companiesmarketcap.com/img/company-logos/256/AMGN.png,logos\AmgenAMGN.png
AmgenAMGN,,2016,$108.76 B,-11.13%,https://companiesmarketcap.com/img/company-logos/256/AMGN.png,logos\AmgenAMGN.png
AmgenAMGN,,2015,$122.39 B,1.05%,https://companiesmarketcap.com/img/company-logos/256/AMGN.png,logos\AmgenAMGN.png
AmgenAMGN,,2014,$121.12 B,40.7%,https://companiesmarketcap.com/img/company-logos/256/AMGN.png,logos\AmgenAMGN.png
AmgenAMGN,,2013,$86.08 B,32.05%,https://companiesmarketcap.com/img/company-logos/256/AMGN.png,logos\AmgenAMGN.png
AmgenAMGN,,2012,$65.19 B,15.83%,https://companiesmarketcap.com/img/company-logos/256/AMGN.png,logos\AmgenAMGN.png
AmgenAMGN,,2011,$56.28 B,10%,https://companiesmarketcap.com/img/company-logos/256/AMGN.png,logos\AmgenAMGN.png
AmgenAMGN,,2010,$51.16 B,-9.1%,https://companiesmarketcap.com/img/company-logos/256/AMGN.png,logos\AmgenAMGN.png
AmgenAMGN,,2009,$56.28 B,-6.91%,https://companiesmarketcap.com/img/company-logos/256/AMGN.png,logos\AmgenAMGN.png
AmgenAMGN,,2008,$60.46 B,19.78%,https://companiesmarketcap.com/img/company-logos/256/AMGN.png,logos\AmgenAMGN.png
AmgenAMGN,,2007,$50.48 B,-36.62%,https://companiesmarketcap.com/img/company-logos/256/AMGN.png,logos\AmgenAMGN.png
AmgenAMGN,,2006,$79.64 B,-17.48%,https://companiesmarketcap.com/img/company-logos/256/AMGN.png,logos\AmgenAMGN.png
AmgenAMGN,,2005,$96.52 B,19.42%,https://companiesmarketcap.com/img/company-logos/256/AMGN.png,logos\AmgenAMGN.png
AmgenAMGN,,2004,$80.82 B,1.9%,https://companiesmarketcap.com/img/company-logos/256/AMGN.png,logos\AmgenAMGN.png
AmgenAMGN,,2003,$79.31 B,27.29%,https://companiesmarketcap.com/img/company-logos/256/AMGN.png,logos\AmgenAMGN.png
AmgenAMGN,,2002,$62.31 B,5.57%,https://companiesmarketcap.com/img/company-logos/256/AMGN.png,logos\AmgenAMGN.png
AmgenAMGN,,2001,$59.02 B,-11.01%,https://companiesmarketcap.com/img/company-logos/256/AMGN.png,logos\AmgenAMGN.png
AmgenAMGN,,2000,$66.32 B,8.49%,https://companiesmarketcap.com/img/company-logos/256/AMGN.png,logos\AmgenAMGN.png
AmgenAMGN,,1999,$61.13 B,129.65%,https://companiesmarketcap.com/img/company-logos/256/AMGN.png,logos\AmgenAMGN.png
AmgenAMGN,,1998,$26.62 B,90.41%,https://companiesmarketcap.com/img/company-logos/256/AMGN.png,logos\AmgenAMGN.png
AmgenAMGN,,1997,$13.98 B,-2.86%,https://companiesmarketcap.com/img/company-logos/256/AMGN.png,logos\AmgenAMGN.png
AmgenAMGN,,1996,$14.39 B,,https://companiesmarketcap.com/img/company-logos/256/AMGN.png,logos\AmgenAMGN.png
SantanderSAN,,2026,$212.11 B,22.28%,https://companiesmarketcap.com/img/company-logos/256/SAN.png,logos\SantanderSAN.png
SantanderSAN,,2025,$173.46 B,154.86%,https://companiesmarketcap.com/img/company-logos/256/SAN.png,logos\SantanderSAN.png
SantanderSAN,,2024,$68.06 B,1.67%,https://companiesmarketcap.com/img/company-logos/256/SAN.png,logos\SantanderSAN.png
SantanderSAN,,2023,$66.94 B,34.43%,https://companiesmarketcap.com/img/company-logos/256/SAN.png,logos\SantanderSAN.png
SantanderSAN,,2022,$49.79 B,-12.34%,https://companiesmarketcap.com/img/company-logos/256/SAN.png,logos\SantanderSAN.png
SantanderSAN,,2021,$56.80 B,5.11%,https://companiesmarketcap.com/img/company-logos/256/SAN.png,logos\SantanderSAN.png
SantanderSAN,,2020,$54.04 B,-22.13%,https://companiesmarketcap.com/img/company-logos/256/SAN.png,logos\SantanderSAN.png
SantanderSAN,,2019,$69.39 B,-5.95%,https://companiesmarketcap.com/img/company-logos/256/SAN.png,logos\SantanderSAN.png
SantanderSAN,,2018,$73.79 B,-30.09%,https://companiesmarketcap.com/img/company-logos/256/SAN.png,logos\SantanderSAN.png
SantanderSAN,,2017,$105.54 B,39.48%,https://companiesmarketcap.com/img/company-logos/256/SAN.png,logos\SantanderSAN.png
SantanderSAN,,2016,$75.67 B,5.2%,https://companiesmarketcap.com/img/company-logos/256/SAN.png,logos\SantanderSAN.png
SantanderSAN,,2015,$71.93 B,-28.21%,https://companiesmarketcap.com/img/company-logos/256/SAN.png,logos\SantanderSAN.png
SantanderSAN,,2014,$100.19 B,0.55%,https://companiesmarketcap.com/img/company-logos/256/SAN.png,logos\SantanderSAN.png
SantanderSAN,,2013,$99.65 B,15.74%,https://companiesmarketcap.com/img/company-logos/256/SAN.png,logos\SantanderSAN.png
SantanderSAN,,2012,$86.10 B,26.14%,https://companiesmarketcap.com/img/company-logos/256/SAN.png,logos\SantanderSAN.png
SantanderSAN,,2011,$68.25 B,-23.05%,https://companiesmarketcap.com/img/company-logos/256/SAN.png,logos\SantanderSAN.png
SantanderSAN,,2010,$88.70 B,-34.43%,https://companiesmarketcap.com/img/company-logos/256/SAN.png,logos\SantanderSAN.png
SantanderSAN,,2009,$135.28 B,78.32%,https://companiesmarketcap.com/img/company-logos/256/SAN.png,logos\SantanderSAN.png
SantanderSAN,,2008,$75.86 B,-43.69%,https://companiesmarketcap.com/img/company-logos/256/SAN.png,logos\SantanderSAN.png
SantanderSAN,,2007,$134.71 B,15.43%,https://companiesmarketcap.com/img/company-logos/256/SAN.png,logos\SantanderSAN.png
SantanderSAN,,2006,$116.70 B,41.47%,https://companiesmarketcap.com/img/company-logos/256/SAN.png,logos\SantanderSAN.png
SantanderSAN,,2005,$82.49 B,6.63%,https://companiesmarketcap.com/img/company-logos/256/SAN.png,logos\SantanderSAN.png
SantanderSAN,,2004,$77.36 B,35.09%,https://companiesmarketcap.com/img/company-logos/256/SAN.png,logos\SantanderSAN.png
SantanderSAN,,2003,$57.26 B,70.35%,https://companiesmarketcap.com/img/company-logos/256/SAN.png,logos\SantanderSAN.png
SantanderSAN,,2002,$33.61 B,-13.07%,https://companiesmarketcap.com/img/company-logos/256/SAN.png,logos\SantanderSAN.png
SantanderSAN,,2001,$38.67 B,-19.72%,https://companiesmarketcap.com/img/company-logos/256/SAN.png,logos\SantanderSAN.png
SantanderSAN,,2000,$48.16 B,12.36%,https://companiesmarketcap.com/img/company-logos/256/SAN.png,logos\SantanderSAN.png
SantanderSAN,,1999,$42.86 B,85.46%,https://companiesmarketcap.com/img/company-logos/256/SAN.png,logos\SantanderSAN.png
SantanderSAN,,1998,$23.11 B,47.93%,https://companiesmarketcap.com/img/company-logos/256/SAN.png,logos\SantanderSAN.png
SantanderSAN,,1997,$15.62 B,53.86%,https://companiesmarketcap.com/img/company-logos/256/SAN.png,logos\SantanderSAN.png
SantanderSAN,,1996,$10.15 B,,https://companiesmarketcap.com/img/company-logos/256/SAN.png,logos\SantanderSAN.png
American,ExpressAXP,2026,$211.77 B,-20.14%,https://companiesmarketcap.com/img/company-logos/256/AXP.png,logos\ExpressAXP.png
American,ExpressAXP,2025,$265.16 B,25.04%,https://companiesmarketcap.com/img/company-logos/256/AXP.png,logos\ExpressAXP.png
American,ExpressAXP,2024,$212.07 B,55.34%,https://companiesmarketcap.com/img/company-logos/256/AXP.png,logos\ExpressAXP.png
American,ExpressAXP,2023,$136.52 B,23.66%,https://companiesmarketcap.com/img/company-logos/256/AXP.png,logos\ExpressAXP.png
American,ExpressAXP,2022,$110.40 B,-11.32%,https://companiesmarketcap.com/img/company-logos/256/AXP.png,logos\ExpressAXP.png
American,ExpressAXP,2021,$124.49 B,27.88%,https://companiesmarketcap.com/img/company-logos/256/AXP.png,logos\ExpressAXP.png
American,ExpressAXP,2020,$97.35 B,-3.45%,https://companiesmarketcap.com/img/company-logos/256/AXP.png,logos\ExpressAXP.png
American,ExpressAXP,2019,$100.83 B,24.9%,https://companiesmarketcap.com/img/company-logos/256/AXP.png,logos\ExpressAXP.png
American,ExpressAXP,2018,$80.73 B,-6.34%,https://companiesmarketcap.com/img/company-logos/256/AXP.png,logos\ExpressAXP.png
American,ExpressAXP,2017,$86.20 B,27.14%,https://companiesmarketcap.com/img/company-logos/256/AXP.png,logos\ExpressAXP.png
American,ExpressAXP,2016,$67.80 B,0.61%,https://companiesmarketcap.com/img/company-logos/256/AXP.png,logos\ExpressAXP.png
American,ExpressAXP,2015,$67.39 B,-29.19%,https://companiesmarketcap.com/img/company-logos/256/AXP.png,logos\ExpressAXP.png
American,ExpressAXP,2014,$95.17 B,-1.41%,https://companiesmarketcap.com/img/company-logos/256/AXP.png,logos\ExpressAXP.png
American,ExpressAXP,2013,$96.53 B,51.99%,https://companiesmarketcap.com/img/company-logos/256/AXP.png,logos\ExpressAXP.png
American,ExpressAXP,2012,$63.51 B,15.93%,https://companiesmarketcap.com/img/company-logos/256/AXP.png,logos\ExpressAXP.png
American,ExpressAXP,2011,$54.78 B,6.64%,https://companiesmarketcap.com/img/company-logos/256/AXP.png,logos\ExpressAXP.png
American,ExpressAXP,2010,$51.37 B,6.37%,https://companiesmarketcap.com/img/company-logos/256/AXP.png,logos\ExpressAXP.png
American,ExpressAXP,2009,$48.29 B,124.48%,https://companiesmarketcap.com/img/company-logos/256/AXP.png,logos\ExpressAXP.png
American,ExpressAXP,2008,$21.51 B,-64.28%,https://companiesmarketcap.com/img/company-logos/256/AXP.png,logos\ExpressAXP.png
American,ExpressAXP,2007,$60.23 B,-17.19%,https://companiesmarketcap.com/img/company-logos/256/AXP.png,logos\ExpressAXP.png
American,ExpressAXP,2006,$72.74 B,13.91%,https://companiesmarketcap.com/img/company-logos/256/AXP.png,logos\ExpressAXP.png
American,ExpressAXP,2005,$63.86 B,-9.3%,https://companiesmarketcap.com/img/company-logos/256/AXP.png,logos\ExpressAXP.png
American,ExpressAXP,2004,$70.40 B,13.32%,https://companiesmarketcap.com/img/company-logos/256/AXP.png,logos\ExpressAXP.png
American,ExpressAXP,2003,$62.13 B,34.69%,https://companiesmarketcap.com/img/company-logos/256/AXP.png,logos\ExpressAXP.png
American,ExpressAXP,2002,$46.13 B,-2.89%,https://companiesmarketcap.com/img/company-logos/256/AXP.png,logos\ExpressAXP.png
American,ExpressAXP,2001,$47.50 B,-34.79%,https://companiesmarketcap.com/img/company-logos/256/AXP.png,logos\ExpressAXP.png
American,ExpressAXP,2000,$72.84 B,-1.95%,https://companiesmarketcap.com/img/company-logos/256/AXP.png,logos\ExpressAXP.png
American,ExpressAXP,1999,$74.29 B,60.33%,https://companiesmarketcap.com/img/company-logos/256/AXP.png,logos\ExpressAXP.png
American,ExpressAXP,1998,$46.34 B,11.32%,https://companiesmarketcap.com/img/company-logos/256/AXP.png,logos\ExpressAXP.png
American,ExpressAXP,1997,$41.62 B,55.81%,https://companiesmarketcap.com/img/company-logos/256/AXP.png,logos\ExpressAXP.png
American,ExpressAXP,1996,$26.71 B,,https://companiesmarketcap.com/img/company-logos/256/AXP.png,logos\ExpressAXP.png
LindeLIN,,2026,$210.89 B,5.88%,https://companiesmarketcap.com/img/company-logos/256/LIN.png,logos\LindeLIN.png
LindeLIN,,2025,$199.17 B,-1.11%,https://companiesmarketcap.com/img/company-logos/256/LIN.png,logos\LindeLIN.png
LindeLIN,,2024,$201.40 B,1.13%,https://companiesmarketcap.com/img/company-logos/256/LIN.png,logos\LindeLIN.png
LindeLIN,,2023,$199.14 B,23.95%,https://companiesmarketcap.com/img/company-logos/256/LIN.png,logos\LindeLIN.png
LindeLIN,,2022,$160.66 B,-9.52%,https://companiesmarketcap.com/img/company-logos/256/LIN.png,logos\LindeLIN.png
LindeLIN,,2021,$177.56 B,28.39%,https://companiesmarketcap.com/img/company-logos/256/LIN.png,logos\LindeLIN.png
LindeLIN,,2020,$138.30 B,21.57%,https://companiesmarketcap.com/img/company-logos/256/LIN.png,logos\LindeLIN.png
LindeLIN,,2019,$113.76 B,33.23%,https://companiesmarketcap.com/img/company-logos/256/LIN.png,logos\LindeLIN.png
LindeLIN,,2018,$85.39 B,92.82%,https://companiesmarketcap.com/img/company-logos/256/LIN.png,logos\LindeLIN.png
LindeLIN,,2017,$44.28 B,32.41%,https://companiesmarketcap.com/img/company-logos/256/LIN.png,logos\LindeLIN.png
LindeLIN,,2016,$33.44 B,14.65%,https://companiesmarketcap.com/img/company-logos/256/LIN.png,logos\LindeLIN.png
LindeLIN,,2015,$29.17 B,-22.16%,https://companiesmarketcap.com/img/company-logos/256/LIN.png,logos\LindeLIN.png
LindeLIN,,2014,$37.47 B,-2.01%,https://companiesmarketcap.com/img/company-logos/256/LIN.png,logos\LindeLIN.png
LindeLIN,,2013,$38.24 B,17.96%,https://companiesmarketcap.com/img/company-logos/256/LIN.png,logos\LindeLIN.png
LindeLIN,,2012,$32.42 B,1.18%,https://companiesmarketcap.com/img/company-logos/256/LIN.png,logos\LindeLIN.png
LindeLIN,,2011,$32.04 B,10.41%,https://companiesmarketcap.com/img/company-logos/256/LIN.png,logos\LindeLIN.png
LindeLIN,,2010,$29.02 B,17.91%,https://companiesmarketcap.com/img/company-logos/256/LIN.png,logos\LindeLIN.png
LindeLIN,,2009,$24.61 B,34.45%,https://companiesmarketcap.com/img/company-logos/256/LIN.png,logos\LindeLIN.png
LindeLIN,,2008,$18.30 B,-34.12%,https://companiesmarketcap.com/img/company-logos/256/LIN.png,logos\LindeLIN.png
LindeLIN,,2007,$27.78 B,45.98%,https://companiesmarketcap.com/img/company-logos/256/LIN.png,logos\LindeLIN.png
LindeLIN,,2006,$19.03 B,11.51%,https://companiesmarketcap.com/img/company-logos/256/LIN.png,logos\LindeLIN.png
LindeLIN,,2005,$17.07 B,19.48%,https://companiesmarketcap.com/img/company-logos/256/LIN.png,logos\LindeLIN.png
LindeLIN,,2004,$14.28 B,14.7%,https://companiesmarketcap.com/img/company-logos/256/LIN.png,logos\LindeLIN.png
LindeLIN,,2003,$12.45 B,32.88%,https://companiesmarketcap.com/img/company-logos/256/LIN.png,logos\LindeLIN.png
LindeLIN,,2002,$9.37 B,4.64%,https://companiesmarketcap.com/img/company-logos/256/LIN.png,logos\LindeLIN.png
LindeLIN,,2001,$8.95 B,26.66%,https://companiesmarketcap.com/img/company-logos/256/LIN.png,logos\LindeLIN.png
LindeLIN,,2000,$7.07 B,-11.62%,https://companiesmarketcap.com/img/company-logos/256/LIN.png,logos\LindeLIN.png
LindeLIN,,1999,$8.00 B,44.07%,https://companiesmarketcap.com/img/company-logos/256/LIN.png,logos\LindeLIN.png
LindeLIN,,1998,$5.55 B,-21.57%,https://companiesmarketcap.com/img/company-logos/256/LIN.png,logos\LindeLIN.png
LindeLIN,,1997,$7.08 B,-2.51%,https://companiesmarketcap.com/img/company-logos/256/LIN.png,logos\LindeLIN.png
LindeLIN,,1996,$7.26 B,,https://companiesmarketcap.com/img/company-logos/256/LIN.png,logos\LindeLIN.png
QUALCOMMQCOM,,2026,$207.44 B,9.98%,https://companiesmarketcap.com/img/company-logos/256/QCOM.png,logos\QUALCOMMQCOM.png
QUALCOMMQCOM,,2025,$188.61 B,7.97%,https://companiesmarketcap.com/img/company-logos/256/QCOM.png,logos\QUALCOMMQCOM.png
QUALCOMMQCOM,,2024,$174.69 B,8.52%,https://companiesmarketcap.com/img/company-logos/256/QCOM.png,logos\QUALCOMMQCOM.png
QUALCOMMQCOM,,2023,$160.97 B,30.61%,https://companiesmarketcap.com/img/company-logos/256/QCOM.png,logos\QUALCOMMQCOM.png
QUALCOMMQCOM,,2022,$123.24 B,-40.09%,https://companiesmarketcap.com/img/company-logos/256/QCOM.png,logos\QUALCOMMQCOM.png
QUALCOMMQCOM,,2021,$205.72 B,19.4%,https://companiesmarketcap.com/img/company-logos/256/QCOM.png,logos\QUALCOMMQCOM.png
QUALCOMMQCOM,,2020,$172.29 B,70.85%,https://companiesmarketcap.com/img/company-logos/256/QCOM.png,logos\QUALCOMMQCOM.png
QUALCOMMQCOM,,2019,$100.84 B,46.45%,https://companiesmarketcap.com/img/company-logos/256/QCOM.png,logos\QUALCOMMQCOM.png
QUALCOMMQCOM,,2018,$68.86 B,-27.32%,https://companiesmarketcap.com/img/company-logos/256/QCOM.png,logos\QUALCOMMQCOM.png
QUALCOMMQCOM,,2017,$94.74 B,-1.68%,https://companiesmarketcap.com/img/company-logos/256/QCOM.png,logos\QUALCOMMQCOM.png
QUALCOMMQCOM,,2016,$96.36 B,28.96%,https://companiesmarketcap.com/img/company-logos/256/QCOM.png,logos\QUALCOMMQCOM.png
QUALCOMMQCOM,,2015,$74.72 B,-39.22%,https://companiesmarketcap.com/img/company-logos/256/QCOM.png,logos\QUALCOMMQCOM.png
QUALCOMMQCOM,,2014,$122.94 B,-1.85%,https://companiesmarketcap.com/img/company-logos/256/QCOM.png,logos\QUALCOMMQCOM.png
QUALCOMMQCOM,,2013,$125.25 B,18%,https://companiesmarketcap.com/img/company-logos/256/QCOM.png,logos\QUALCOMMQCOM.png
QUALCOMMQCOM,,2012,$106.15 B,15.03%,https://companiesmarketcap.com/img/company-logos/256/QCOM.png,logos\QUALCOMMQCOM.png
QUALCOMMQCOM,,2011,$92.27 B,14.11%,https://companiesmarketcap.com/img/company-logos/256/QCOM.png,logos\QUALCOMMQCOM.png
QUALCOMMQCOM,,2010,$80.86 B,4.43%,https://companiesmarketcap.com/img/company-logos/256/QCOM.png,logos\QUALCOMMQCOM.png
QUALCOMMQCOM,,2009,$77.43 B,31.07%,https://companiesmarketcap.com/img/company-logos/256/QCOM.png,logos\QUALCOMMQCOM.png
QUALCOMMQCOM,,2008,$59.08 B,-7.83%,https://companiesmarketcap.com/img/company-logos/256/QCOM.png,logos\QUALCOMMQCOM.png
QUALCOMMQCOM,,2007,$64.10 B,2.49%,https://companiesmarketcap.com/img/company-logos/256/QCOM.png,logos\QUALCOMMQCOM.png
QUALCOMMQCOM,,2006,$62.54 B,-12.01%,https://companiesmarketcap.com/img/company-logos/256/QCOM.png,logos\QUALCOMMQCOM.png
QUALCOMMQCOM,,2005,$71.08 B,2.04%,https://companiesmarketcap.com/img/company-logos/256/QCOM.png,logos\QUALCOMMQCOM.png
QUALCOMMQCOM,,2004,$69.66 B,60.96%,https://companiesmarketcap.com/img/company-logos/256/QCOM.png,logos\QUALCOMMQCOM.png
QUALCOMMQCOM,,2003,$43.28 B,50.76%,https://companiesmarketcap.com/img/company-logos/256/QCOM.png,logos\QUALCOMMQCOM.png
QUALCOMMQCOM,,2002,$28.70 B,-25.9%,https://companiesmarketcap.com/img/company-logos/256/QCOM.png,logos\QUALCOMMQCOM.png
QUALCOMMQCOM,,2001,$38.74 B,-37.44%,https://companiesmarketcap.com/img/company-logos/256/QCOM.png,logos\QUALCOMMQCOM.png
QUALCOMMQCOM,,2000,$61.92 B,-50.36%,https://companiesmarketcap.com/img/company-logos/256/QCOM.png,logos\QUALCOMMQCOM.png
QUALCOMMQCOM,,1999,$124.73 B,3269.51%,https://companiesmarketcap.com/img/company-logos/256/QCOM.png,logos\QUALCOMMQCOM.png
QUALCOMMQCOM,,1998,$3.70 B,6.33%,https://companiesmarketcap.com/img/company-logos/256/QCOM.png,logos\QUALCOMMQCOM.png
QUALCOMMQCOM,,1997,$3.48 B,29.92%,https://companiesmarketcap.com/img/company-logos/256/QCOM.png,logos\QUALCOMMQCOM.png
QUALCOMMQCOM,,1996,$2.67 B,,https://companiesmarketcap.com/img/company-logos/256/QCOM.png,logos\QUALCOMMQCOM.png
CATL300750.SZ,,2026,$205.34 B,-16.21%,https://companiesmarketcap.com/img/company-logos/256/300750.SZ.png,logos\CATL300750.SZ.png
CATL300750.SZ,,2025,$245.08 B,55.02%,https://companiesmarketcap.com/img/company-logos/256/300750.SZ.png,logos\CATL300750.SZ.png
CATL300750.SZ,,2024,$158.09 B,56.23%,https://companiesmarketcap.com/img/company-logos/256/300750.SZ.png,logos\CATL300750.SZ.png
CATL300750.SZ,,2023,$101.19 B,-26.55%,https://companiesmarketcap.com/img/company-logos/256/300750.SZ.png,logos\CATL300750.SZ.png
CATL300750.SZ,,2022,$137.77 B,-35.94%,https://companiesmarketcap.com/img/company-logos/256/300750.SZ.png,logos\CATL300750.SZ.png
CATL300750.SZ,,2021,$215.08 B,71.52%,https://companiesmarketcap.com/img/company-logos/256/300750.SZ.png,logos\CATL300750.SZ.png
CATL300750.SZ,,2020,$125.40 B,272.82%,https://companiesmarketcap.com/img/company-logos/256/300750.SZ.png,logos\CATL300750.SZ.png
CATL300750.SZ,,2019,$33.63 B,42.8%,https://companiesmarketcap.com/img/company-logos/256/300750.SZ.png,logos\CATL300750.SZ.png
CATL300750.SZ,,2018,$23.55 B,,https://companiesmarketcap.com/img/company-logos/256/300750.SZ.png,logos\CATL300750.SZ.png
Toronto Dominion,BankTD,2026,$203.24 B,25.42%,https://companiesmarketcap.com/img/company-logos/256/TD.png,logos\BankTD.png
Toronto Dominion,BankTD,2025,$162.04 B,74.07%,https://companiesmarketcap.com/img/company-logos/256/TD.png,logos\BankTD.png
Toronto Dominion,BankTD,2024,$93.08 B,-19.7%,https://companiesmarketcap.com/img/company-logos/256/TD.png,logos\BankTD.png
Toronto Dominion,BankTD,2023,$115.92 B,-1.68%,https://companiesmarketcap.com/img/company-logos/256/TD.png,logos\BankTD.png
Toronto Dominion,BankTD,2022,$117.90 B,-15.05%,https://companiesmarketcap.com/img/company-logos/256/TD.png,logos\BankTD.png
Toronto Dominion,BankTD,2021,$138.78 B,35.53%,https://companiesmarketcap.com/img/company-logos/256/TD.png,logos\BankTD.png
Toronto Dominion,BankTD,2020,$102.40 B,1.32%,https://companiesmarketcap.com/img/company-logos/256/TD.png,logos\BankTD.png
Toronto Dominion,BankTD,2019,$101.06 B,10.82%,https://companiesmarketcap.com/img/company-logos/256/TD.png,logos\BankTD.png
Toronto Dominion,BankTD,2018,$91.19 B,-15.54%,https://companiesmarketcap.com/img/company-logos/256/TD.png,logos\BankTD.png
Toronto Dominion,BankTD,2017,$107.97 B,18.35%,https://companiesmarketcap.com/img/company-logos/256/TD.png,logos\BankTD.png
Toronto Dominion,BankTD,2016,$91.23 B,25.69%,https://companiesmarketcap.com/img/company-logos/256/TD.png,logos\BankTD.png
Toronto Dominion,BankTD,2015,$72.58 B,-17.78%,https://companiesmarketcap.com/img/company-logos/256/TD.png,logos\BankTD.png
Toronto Dominion,BankTD,2014,$88.28 B,2.12%,https://companiesmarketcap.com/img/company-logos/256/TD.png,logos\BankTD.png
Toronto Dominion,BankTD,2013,$86.44 B,11.83%,https://companiesmarketcap.com/img/company-logos/256/TD.png,logos\BankTD.png
Toronto Dominion,BankTD,2012,$77.30 B,14.63%,https://companiesmarketcap.com/img/company-logos/256/TD.png,logos\BankTD.png
Toronto Dominion,BankTD,2011,$67.43 B,3.26%,https://companiesmarketcap.com/img/company-logos/256/TD.png,logos\BankTD.png
Toronto Dominion,BankTD,2010,$65.30 B,20.61%,https://companiesmarketcap.com/img/company-logos/256/TD.png,logos\BankTD.png
Toronto Dominion,BankTD,2009,$54.14 B,86.09%,https://companiesmarketcap.com/img/company-logos/256/TD.png,logos\BankTD.png
Toronto Dominion,BankTD,2008,$29.09 B,-42.12%,https://companiesmarketcap.com/img/company-logos/256/TD.png,logos\BankTD.png
Toronto Dominion,BankTD,2007,$50.27 B,16.85%,https://companiesmarketcap.com/img/company-logos/256/TD.png,logos\BankTD.png
Toronto Dominion,BankTD,2006,$43.02 B,14.54%,https://companiesmarketcap.com/img/company-logos/256/TD.png,logos\BankTD.png
Toronto Dominion,BankTD,2005,$37.56 B,37.18%,https://companiesmarketcap.com/img/company-logos/256/TD.png,logos\BankTD.png
Toronto Dominion,BankTD,2004,$27.38 B,24.85%,https://companiesmarketcap.com/img/company-logos/256/TD.png,logos\BankTD.png
Toronto Dominion,BankTD,2003,$21.93 B,56.96%,https://companiesmarketcap.com/img/company-logos/256/TD.png,logos\BankTD.png
Toronto Dominion,BankTD,2002,$13.97 B,-13.62%,https://companiesmarketcap.com/img/company-logos/256/TD.png,logos\BankTD.png
Toronto Dominion,BankTD,2001,$16.17 B,-10.41%,https://companiesmarketcap.com/img/company-logos/256/TD.png,logos\BankTD.png
Toronto Dominion,BankTD,2000,$18.05 B,7.8%,https://companiesmarketcap.com/img/company-logos/256/TD.png,logos\BankTD.png
Toronto Dominion,BankTD,1999,$16.74 B,59.92%,https://companiesmarketcap.com/img/company-logos/256/TD.png,logos\BankTD.png
Toronto Dominion,BankTD,1998,$10.47 B,-6.41%,https://companiesmarketcap.com/img/company-logos/256/TD.png,logos\BankTD.png
Toronto Dominion,BankTD,1997,$11.19 B,44.99%,https://companiesmarketcap.com/img/company-logos/256/TD.png,logos\BankTD.png
Toronto Dominion,BankTD,1996,$7.71 B,,https://companiesmarketcap.com/img/company-logos/256/TD.png,logos\BankTD.png
Seagate,TechnologySTX,2026,$199.49 B,219.92%,https://companiesmarketcap.com/img/company-logos/256/STX.png,logos\TechnologySTX.png
Seagate,TechnologySTX,2025,$62.35 B,237.34%,https://companiesmarketcap.com/img/company-logos/256/STX.png,logos\TechnologySTX.png
Seagate,TechnologySTX,2024,$18.48 B,3.51%,https://companiesmarketcap.com/img/company-logos/256/STX.png,logos\TechnologySTX.png
Seagate,TechnologySTX,2023,$17.85 B,64.42%,https://companiesmarketcap.com/img/company-logos/256/STX.png,logos\TechnologySTX.png
Seagate,TechnologySTX,2022,$10.86 B,-56.19%,https://companiesmarketcap.com/img/company-logos/256/STX.png,logos\TechnologySTX.png
Seagate,TechnologySTX,2021,$24.79 B,55.25%,https://companiesmarketcap.com/img/company-logos/256/STX.png,logos\TechnologySTX.png
Seagate,TechnologySTX,2020,$15.97 B,2.17%,https://companiesmarketcap.com/img/company-logos/256/STX.png,logos\TechnologySTX.png
Seagate,TechnologySTX,2019,$15.63 B,43.07%,https://companiesmarketcap.com/img/company-logos/256/STX.png,logos\TechnologySTX.png
Seagate,TechnologySTX,2018,$10.92 B,-8.24%,https://companiesmarketcap.com/img/company-logos/256/STX.png,logos\TechnologySTX.png
Seagate,TechnologySTX,2017,$11.90 B,5.69%,https://companiesmarketcap.com/img/company-logos/256/STX.png,logos\TechnologySTX.png
Seagate,TechnologySTX,2016,$11.26 B,2.77%,https://companiesmarketcap.com/img/company-logos/256/STX.png,logos\TechnologySTX.png
Seagate,TechnologySTX,2015,$10.96 B,-49.62%,https://companiesmarketcap.com/img/company-logos/256/STX.png,logos\TechnologySTX.png
Seagate,TechnologySTX,2014,$21.76 B,17.97%,https://companiesmarketcap.com/img/company-logos/256/STX.png,logos\TechnologySTX.png
Seagate,TechnologySTX,2013,$18.44 B,69.62%,https://companiesmarketcap.com/img/company-logos/256/STX.png,logos\TechnologySTX.png
Seagate,TechnologySTX,2012,$10.87 B,42.65%,https://companiesmarketcap.com/img/company-logos/256/STX.png,logos\TechnologySTX.png
Seagate,TechnologySTX,2011,$7.62 B,11.97%,https://companiesmarketcap.com/img/company-logos/256/STX.png,logos\TechnologySTX.png
Seagate,TechnologySTX,2010,$6.80 B,-24.83%,https://companiesmarketcap.com/img/company-logos/256/STX.png,logos\TechnologySTX.png
Seagate,TechnologySTX,2009,$9.05 B,318.71%,https://companiesmarketcap.com/img/company-logos/256/STX.png,logos\TechnologySTX.png
Seagate,TechnologySTX,2008,$2.16 B,-83.9%,https://companiesmarketcap.com/img/company-logos/256/STX.png,logos\TechnologySTX.png
Seagate,TechnologySTX,2007,$13.43 B,-8.63%,https://companiesmarketcap.com/img/company-logos/256/STX.png,logos\TechnologySTX.png
Seagate,TechnologySTX,2006,$14.70 B,52.33%,https://companiesmarketcap.com/img/company-logos/256/STX.png,logos\TechnologySTX.png
Seagate,TechnologySTX,2005,$9.65 B,19.46%,https://companiesmarketcap.com/img/company-logos/256/STX.png,logos\TechnologySTX.png
Seagate,TechnologySTX,2004,$8.08 B,0.27%,https://companiesmarketcap.com/img/company-logos/256/STX.png,logos\TechnologySTX.png
Seagate,TechnologySTX,2003,$8.06 B,76.14%,https://companiesmarketcap.com/img/company-logos/256/STX.png,logos\TechnologySTX.png
Seagate,TechnologySTX,2002,$4.57 B,,https://companiesmarketcap.com/img/company-logos/256/STX.png,logos\TechnologySTX.png
AmphenolAPH,,2026,$199.05 B,18.33%,https://companiesmarketcap.com/img/company-logos/256/APH.png,logos\AmphenolAPH.png
AmphenolAPH,,2025,$168.22 B,97.25%,https://companiesmarketcap.com/img/company-logos/256/APH.png,logos\AmphenolAPH.png
AmphenolAPH,,2024,$85.28 B,43.79%,https://companiesmarketcap.com/img/company-logos/256/APH.png,logos\AmphenolAPH.png
AmphenolAPH,,2023,$59.31 B,30.9%,https://companiesmarketcap.com/img/company-logos/256/APH.png,logos\AmphenolAPH.png
AmphenolAPH,,2022,$45.31 B,-13.37%,https://companiesmarketcap.com/img/company-logos/256/APH.png,logos\AmphenolAPH.png
AmphenolAPH,,2021,$52.30 B,33.7%,https://companiesmarketcap.com/img/company-logos/256/APH.png,logos\AmphenolAPH.png
AmphenolAPH,,2020,$39.12 B,21.33%,https://companiesmarketcap.com/img/company-logos/256/APH.png,logos\AmphenolAPH.png
AmphenolAPH,,2019,$32.24 B,33.32%,https://companiesmarketcap.com/img/company-logos/256/APH.png,logos\AmphenolAPH.png
AmphenolAPH,,2018,$24.18 B,-9.79%,https://companiesmarketcap.com/img/company-logos/256/APH.png,logos\AmphenolAPH.png
AmphenolAPH,,2017,$26.80 B,29.33%,https://companiesmarketcap.com/img/company-logos/256/APH.png,logos\AmphenolAPH.png
AmphenolAPH,,2016,$20.72 B,28.86%,https://companiesmarketcap.com/img/company-logos/256/APH.png,logos\AmphenolAPH.png
AmphenolAPH,,2015,$16.08 B,-3.53%,https://companiesmarketcap.com/img/company-logos/256/APH.png,logos\AmphenolAPH.png
AmphenolAPH,,2014,$16.67 B,18.19%,https://companiesmarketcap.com/img/company-logos/256/APH.png,logos\AmphenolAPH.png
AmphenolAPH,,2013,$14.10 B,36.41%,https://companiesmarketcap.com/img/company-logos/256/APH.png,logos\AmphenolAPH.png
AmphenolAPH,,2012,$10.34 B,37.48%,https://companiesmarketcap.com/img/company-logos/256/APH.png,logos\AmphenolAPH.png
AmphenolAPH,,2011,$7.52 B,-18.81%,https://companiesmarketcap.com/img/company-logos/256/APH.png,logos\AmphenolAPH.png
AmphenolAPH,,2010,$9.26 B,15.84%,https://companiesmarketcap.com/img/company-logos/256/APH.png,logos\AmphenolAPH.png
AmphenolAPH,,2009,$7.99 B,89.76%,https://companiesmarketcap.com/img/company-logos/256/APH.png,logos\AmphenolAPH.png
AmphenolAPH,,2008,$4.21 B,-49.17%,https://companiesmarketcap.com/img/company-logos/256/APH.png,logos\AmphenolAPH.png
AmphenolAPH,,2007,$8.29 B,50.89%,https://companiesmarketcap.com/img/company-logos/256/APH.png,logos\AmphenolAPH.png
AmphenolAPH,,2006,$5.49 B,36.5%,https://companiesmarketcap.com/img/company-logos/256/APH.png,logos\AmphenolAPH.png
AmphenolAPH,,2005,$4.02 B,24.68%,https://companiesmarketcap.com/img/company-logos/256/APH.png,logos\AmphenolAPH.png
AmphenolAPH,,2004,$3.22 B,15.08%,https://companiesmarketcap.com/img/company-logos/256/APH.png,logos\AmphenolAPH.png
AmphenolAPH,,2003,$2.80 B,73.45%,https://companiesmarketcap.com/img/company-logos/256/APH.png,logos\AmphenolAPH.png
AmphenolAPH,,2002,$1.61 B,-20.41%,https://companiesmarketcap.com/img/company-logos/256/APH.png,logos\AmphenolAPH.png
AmphenolAPH,,2001,$2.03 B,24.42%,https://companiesmarketcap.com/img/company-logos/256/APH.png,logos\AmphenolAPH.png
AmphenolAPH,,2000,$1.63 B,19.04%,https://companiesmarketcap.com/img/company-logos/256/APH.png,logos\AmphenolAPH.png
AmphenolAPH,,1999,$1.37 B,154.5%,https://companiesmarketcap.com/img/company-logos/256/APH.png,logos\AmphenolAPH.png
AmphenolAPH,,1998,$0.53 B,-44.77%,https://companiesmarketcap.com/img/company-logos/256/APH.png,logos\AmphenolAPH.png
AmphenolAPH,,1997,$0.97 B,4.24%,https://companiesmarketcap.com/img/company-logos/256/APH.png,logos\AmphenolAPH.png
AmphenolAPH,,1996,$0.93 B,,https://companiesmarketcap.com/img/company-logos/256/APH.png,logos\AmphenolAPH.png
TotalEnergiesTTE,,2026,$198.94 B,41.57%,https://companiesmarketcap.com/img/company-logos/256/TTE.png,logos\TotalEnergiesTTE.png
TotalEnergiesTTE,,2025,$140.52 B,14.53%,https://companiesmarketcap.com/img/company-logos/256/TTE.png,logos\TotalEnergiesTTE.png
TotalEnergiesTTE,,2024,$122.69 B,-24.94%,https://companiesmarketcap.com/img/company-logos/256/TTE.png,logos\TotalEnergiesTTE.png
TotalEnergiesTTE,,2023,$163.46 B,4.35%,https://companiesmarketcap.com/img/company-logos/256/TTE.png,logos\TotalEnergiesTTE.png
TotalEnergiesTTE,,2022,$156.64 B,18.98%,https://companiesmarketcap.com/img/company-logos/256/TTE.png,logos\TotalEnergiesTTE.png
TotalEnergiesTTE,,2021,$131.65 B,14.29%,https://companiesmarketcap.com/img/company-logos/256/TTE.png,logos\TotalEnergiesTTE.png
TotalEnergiesTTE,,2020,$115.19 B,-19.67%,https://companiesmarketcap.com/img/company-logos/256/TTE.png,logos\TotalEnergiesTTE.png
TotalEnergiesTTE,,2019,$143.39 B,2.8%,https://companiesmarketcap.com/img/company-logos/256/TTE.png,logos\TotalEnergiesTTE.png
TotalEnergiesTTE,,2018,$139.49 B,0.68%,https://companiesmarketcap.com/img/company-logos/256/TTE.png,logos\TotalEnergiesTTE.png
TotalEnergiesTTE,,2017,$138.54 B,12.4%,https://companiesmarketcap.com/img/company-logos/256/TTE.png,logos\TotalEnergiesTTE.png
TotalEnergiesTTE,,2016,$123.25 B,11.97%,https://companiesmarketcap.com/img/company-logos/256/TTE.png,logos\TotalEnergiesTTE.png
TotalEnergiesTTE,,2015,$110.08 B,-10.74%,https://companiesmarketcap.com/img/company-logos/256/TTE.png,logos\TotalEnergiesTTE.png
TotalEnergiesTTE,,2014,$123.33 B,-11.58%,https://companiesmarketcap.com/img/company-logos/256/TTE.png,logos\TotalEnergiesTTE.png
TotalEnergiesTTE,,2013,$139.48 B,14.28%,https://companiesmarketcap.com/img/company-logos/256/TTE.png,logos\TotalEnergiesTTE.png
TotalEnergiesTTE,,2012,$122.06 B,5.83%,https://companiesmarketcap.com/img/company-logos/256/TTE.png,logos\TotalEnergiesTTE.png
TotalEnergiesTTE,,2011,$115.33 B,-6.92%,https://companiesmarketcap.com/img/company-logos/256/TTE.png,logos\TotalEnergiesTTE.png
TotalEnergiesTTE,,2010,$123.90 B,-18.18%,https://companiesmarketcap.com/img/company-logos/256/TTE.png,logos\TotalEnergiesTTE.png
TotalEnergiesTTE,,2009,$151.42 B,17.88%,https://companiesmarketcap.com/img/company-logos/256/TTE.png,logos\TotalEnergiesTTE.png
TotalEnergiesTTE,,2008,$128.46 B,-30.7%,https://companiesmarketcap.com/img/company-logos/256/TTE.png,logos\TotalEnergiesTTE.png
TotalEnergiesTTE,,2007,$185.36 B,6.96%,https://companiesmarketcap.com/img/company-logos/256/TTE.png,logos\TotalEnergiesTTE.png
TotalEnergiesTTE,,2006,$173.30 B,18.02%,https://companiesmarketcap.com/img/company-logos/256/TTE.png,logos\TotalEnergiesTTE.png
TotalEnergiesTTE,,2005,$146.84 B,10.29%,https://companiesmarketcap.com/img/company-logos/256/TTE.png,logos\TotalEnergiesTTE.png
TotalEnergiesTTE,,2004,$133.14 B,15.53%,https://companiesmarketcap.com/img/company-logos/256/TTE.png,logos\TotalEnergiesTTE.png
TotalEnergiesTTE,,2003,$115.24 B,24.01%,https://companiesmarketcap.com/img/company-logos/256/TTE.png,logos\TotalEnergiesTTE.png
TotalEnergiesTTE,,2002,$92.92 B,-1.06%,https://companiesmarketcap.com/img/company-logos/256/TTE.png,logos\TotalEnergiesTTE.png
TotalEnergiesTTE,,2001,$93.92 B,-8.21%,https://companiesmarketcap.com/img/company-logos/256/TTE.png,logos\TotalEnergiesTTE.png
TotalEnergiesTTE,,2000,$102.32 B,5.92%,https://companiesmarketcap.com/img/company-logos/256/TTE.png,logos\TotalEnergiesTTE.png
TotalEnergiesTTE,,1999,$96.60 B,296.64%,https://companiesmarketcap.com/img/company-logos/256/TTE.png,logos\TotalEnergiesTTE.png
TotalEnergiesTTE,,1998,$24.35 B,-10.6%,https://companiesmarketcap.com/img/company-logos/256/TTE.png,logos\TotalEnergiesTTE.png
TotalEnergiesTTE,,1997,$27.24 B,39.77%,https://companiesmarketcap.com/img/company-logos/256/TTE.png,logos\TotalEnergiesTTE.png
TotalEnergiesTTE,,1996,$19.49 B,,https://companiesmarketcap.com/img/company-logos/256/TTE.png,logos\TotalEnergiesTTE.png
VerizonVZ,,2026,$198.09 B,16.06%,https://companiesmarketcap.com/img/company-logos/256/VZ.png,logos\VerizonVZ.png
VerizonVZ,,2025,$170.68 B,1.57%,https://companiesmarketcap.com/img/company-logos/256/VZ.png,logos\VerizonVZ.png
VerizonVZ,,2024,$168.04 B,6.03%,https://companiesmarketcap.com/img/company-logos/256/VZ.png,logos\VerizonVZ.png
VerizonVZ,,2023,$158.49 B,-4.22%,https://companiesmarketcap.com/img/company-logos/256/VZ.png,logos\VerizonVZ.png
VerizonVZ,,2022,$165.47 B,-24.14%,https://companiesmarketcap.com/img/company-logos/256/VZ.png,logos\VerizonVZ.png
VerizonVZ,,2021,$218.11 B,-10.28%,https://companiesmarketcap.com/img/company-logos/256/VZ.png,logos\VerizonVZ.png
VerizonVZ,,2020,$243.11 B,-4.26%,https://companiesmarketcap.com/img/company-logos/256/VZ.png,logos\VerizonVZ.png
VerizonVZ,,2019,$253.93 B,9.31%,https://companiesmarketcap.com/img/company-logos/256/VZ.png,logos\VerizonVZ.png
VerizonVZ,,2018,$232.30 B,7.59%,https://companiesmarketcap.com/img/company-logos/256/VZ.png,logos\VerizonVZ.png
VerizonVZ,,2017,$215.92 B,-0.77%,https://companiesmarketcap.com/img/company-logos/256/VZ.png,logos\VerizonVZ.png
VerizonVZ,,2016,$217.61 B,15.59%,https://companiesmarketcap.com/img/company-logos/256/VZ.png,logos\VerizonVZ.png
VerizonVZ,,2015,$188.26 B,-3.14%,https://companiesmarketcap.com/img/company-logos/256/VZ.png,logos\VerizonVZ.png
VerizonVZ,,2014,$194.36 B,38.2%,https://companiesmarketcap.com/img/company-logos/256/VZ.png,logos\VerizonVZ.png
VerizonVZ,,2013,$140.63 B,13.7%,https://companiesmarketcap.com/img/company-logos/256/VZ.png,logos\VerizonVZ.png
VerizonVZ,,2012,$123.69 B,8.9%,https://companiesmarketcap.com/img/company-logos/256/VZ.png,logos\VerizonVZ.png
VerizonVZ,,2011,$113.58 B,12.29%,https://companiesmarketcap.com/img/company-logos/256/VZ.png,logos\VerizonVZ.png
VerizonVZ,,2010,$101.15 B,2.88%,https://companiesmarketcap.com/img/company-logos/256/VZ.png,logos\VerizonVZ.png
VerizonVZ,,2009,$98.31 B,-2.27%,https://companiesmarketcap.com/img/company-logos/256/VZ.png,logos\VerizonVZ.png
VerizonVZ,,2008,$100.60 B,-19.96%,https://companiesmarketcap.com/img/company-logos/256/VZ.png,logos\VerizonVZ.png
VerizonVZ,,2007,$125.68 B,15.92%,https://companiesmarketcap.com/img/company-logos/256/VZ.png,logos\VerizonVZ.png
VerizonVZ,,2006,$108.42 B,30.26%,https://companiesmarketcap.com/img/company-logos/256/VZ.png,logos\VerizonVZ.png
VerizonVZ,,2005,$83.23 B,-25.82%,https://companiesmarketcap.com/img/company-logos/256/VZ.png,logos\VerizonVZ.png
VerizonVZ,,2004,$112.21 B,15.57%,https://companiesmarketcap.com/img/company-logos/256/VZ.png,logos\VerizonVZ.png
VerizonVZ,,2003,$97.09 B,-8.75%,https://companiesmarketcap.com/img/company-logos/256/VZ.png,logos\VerizonVZ.png
VerizonVZ,,2002,$106.39 B,-17.49%,https://companiesmarketcap.com/img/company-logos/256/VZ.png,logos\VerizonVZ.png
VerizonVZ,,2001,$128.95 B,-4.84%,https://companiesmarketcap.com/img/company-logos/256/VZ.png,logos\VerizonVZ.png
VerizonVZ,,2000,$135.51 B,41.77%,https://companiesmarketcap.com/img/company-logos/256/VZ.png,logos\VerizonVZ.png
VerizonVZ,,1999,$95.58 B,12.3%,https://companiesmarketcap.com/img/company-logos/256/VZ.png,logos\VerizonVZ.png
VerizonVZ,,1998,$85.11 B,20.45%,https://companiesmarketcap.com/img/company-logos/256/VZ.png,logos\VerizonVZ.png
VerizonVZ,,1997,$70.66 B,149.31%,https://companiesmarketcap.com/img/company-logos/256/VZ.png,logos\VerizonVZ.png
VerizonVZ,,1996,$28.34 B,,https://companiesmarketcap.com/img/company-logos/256/VZ.png,logos\VerizonVZ.png
SalesforceCRM,,2026,$194.57 B,-23.19%,https://companiesmarketcap.com/img/company-logos/256/CRM.png,logos\SalesforceCRM.png
SalesforceCRM,,2025,$253.30 B,-21.79%,https://companiesmarketcap.com/img/company-logos/256/CRM.png,logos\SalesforceCRM.png
SalesforceCRM,,2024,$323.89 B,27.16%,https://companiesmarketcap.com/img/company-logos/256/CRM.png,logos\SalesforceCRM.png
SalesforceCRM,,2023,$254.71 B,92.11%,https://companiesmarketcap.com/img/company-logos/256/CRM.png,logos\SalesforceCRM.png
SalesforceCRM,,2022,$132.58 B,-47.03%,https://companiesmarketcap.com/img/company-logos/256/CRM.png,logos\SalesforceCRM.png
SalesforceCRM,,2021,$250.31 B,22.57%,https://companiesmarketcap.com/img/company-logos/256/CRM.png,logos\SalesforceCRM.png
SalesforceCRM,,2020,$204.22 B,41.56%,https://companiesmarketcap.com/img/company-logos/256/CRM.png,logos\SalesforceCRM.png
SalesforceCRM,,2019,$144.26 B,37.68%,https://companiesmarketcap.com/img/company-logos/256/CRM.png,logos\SalesforceCRM.png
SalesforceCRM,,2018,$104.78 B,41.9%,https://companiesmarketcap.com/img/company-logos/256/CRM.png,logos\SalesforceCRM.png
SalesforceCRM,,2017,$73.84 B,54.82%,https://companiesmarketcap.com/img/company-logos/256/CRM.png,logos\SalesforceCRM.png
SalesforceCRM,,2016,$47.69 B,-8.38%,https://companiesmarketcap.com/img/company-logos/256/CRM.png,logos\SalesforceCRM.png
SalesforceCRM,,2015,$52.05 B,39.1%,https://companiesmarketcap.com/img/company-logos/256/CRM.png,logos\SalesforceCRM.png
SalesforceCRM,,2014,$37.42 B,12.46%,https://companiesmarketcap.com/img/company-logos/256/CRM.png,logos\SalesforceCRM.png
SalesforceCRM,,2013,$33.27 B,39.42%,https://companiesmarketcap.com/img/company-logos/256/CRM.png,logos\SalesforceCRM.png
SalesforceCRM,,2012,$23.87 B,72.99%,https://companiesmarketcap.com/img/company-logos/256/CRM.png,logos\SalesforceCRM.png
SalesforceCRM,,2011,$13.79 B,-20.45%,https://companiesmarketcap.com/img/company-logos/256/CRM.png,logos\SalesforceCRM.png
SalesforceCRM,,2010,$17.34 B,88.25%,https://companiesmarketcap.com/img/company-logos/256/CRM.png,logos\SalesforceCRM.png
SalesforceCRM,,2009,$9.21 B,135.94%,https://companiesmarketcap.com/img/company-logos/256/CRM.png,logos\SalesforceCRM.png
SalesforceCRM,,2008,$3.90 B,-47.25%,https://companiesmarketcap.com/img/company-logos/256/CRM.png,logos\SalesforceCRM.png
SalesforceCRM,,2007,$7.40 B,78.96%,https://companiesmarketcap.com/img/company-logos/256/CRM.png,logos\SalesforceCRM.png
SalesforceCRM,,2006,$4.13 B,27.48%,https://companiesmarketcap.com/img/company-logos/256/CRM.png,logos\SalesforceCRM.png
SalesforceCRM,,2005,$3.24 B,89.2%,https://companiesmarketcap.com/img/company-logos/256/CRM.png,logos\SalesforceCRM.png
SalesforceCRM,,2004,$1.71 B,,https://companiesmarketcap.com/img/company-logos/256/CRM.png,logos\SalesforceCRM.png
Allianz,SEALV.DE,2026,$193.04 B,8.76%,https://companiesmarketcap.com/img/company-logos/256/ALV.DE.png,logos\SEALV.DE.png
Allianz,SEALV.DE,2025,$177.49 B,49.37%,https://companiesmarketcap.com/img/company-logos/256/ALV.DE.png,logos\SEALV.DE.png
Allianz,SEALV.DE,2024,$118.82 B,13.51%,https://companiesmarketcap.com/img/company-logos/256/ALV.DE.png,logos\SEALV.DE.png
Allianz,SEALV.DE,2023,$104.69 B,21.08%,https://companiesmarketcap.com/img/company-logos/256/ALV.DE.png,logos\SEALV.DE.png
Allianz,SEALV.DE,2022,$86.46 B,-9.93%,https://companiesmarketcap.com/img/company-logos/256/ALV.DE.png,logos\SEALV.DE.png
Allianz,SEALV.DE,2021,$95.99 B,-5.62%,https://companiesmarketcap.com/img/company-logos/256/ALV.DE.png,logos\SEALV.DE.png
Allianz,SEALV.DE,2020,$101.71 B,-0.2%,https://companiesmarketcap.com/img/company-logos/256/ALV.DE.png,logos\SEALV.DE.png
Allianz,SEALV.DE,2019,$101.91 B,20.11%,https://companiesmarketcap.com/img/company-logos/256/ALV.DE.png,logos\SEALV.DE.png
Allianz,SEALV.DE,2018,$84.85 B,-15.46%,https://companiesmarketcap.com/img/company-logos/256/ALV.DE.png,logos\SEALV.DE.png
Allianz,SEALV.DE,2017,$100.36 B,32.91%,https://companiesmarketcap.com/img/company-logos/256/ALV.DE.png,logos\SEALV.DE.png
Allianz,SEALV.DE,2016,$75.51 B,-7.15%,https://companiesmarketcap.com/img/company-logos/256/ALV.DE.png,logos\SEALV.DE.png
Allianz,SEALV.DE,2015,$81.33 B,7.19%,https://companiesmarketcap.com/img/company-logos/256/ALV.DE.png,logos\SEALV.DE.png
Allianz,SEALV.DE,2014,$75.88 B,-7.1%,https://companiesmarketcap.com/img/company-logos/256/ALV.DE.png,logos\SEALV.DE.png
Allianz,SEALV.DE,2013,$81.67 B,30.02%,https://companiesmarketcap.com/img/company-logos/256/ALV.DE.png,logos\SEALV.DE.png
Allianz,SEALV.DE,2012,$62.82 B,45.29%,https://companiesmarketcap.com/img/company-logos/256/ALV.DE.png,logos\SEALV.DE.png
Allianz,SEALV.DE,2011,$43.23 B,-19.05%,https://companiesmarketcap.com/img/company-logos/256/ALV.DE.png,logos\SEALV.DE.png
Allianz,SEALV.DE,2010,$53.41 B,-5.19%,https://companiesmarketcap.com/img/company-logos/256/ALV.DE.png,logos\SEALV.DE.png
Allianz,SEALV.DE,2009,$56.33 B,19.01%,https://companiesmarketcap.com/img/company-logos/256/ALV.DE.png,logos\SEALV.DE.png
Allianz,SEALV.DE,2008,$47.33 B,-51.18%,https://companiesmarketcap.com/img/company-logos/256/ALV.DE.png,logos\SEALV.DE.png
Allianz,SEALV.DE,2007,$96.97 B,,https://companiesmarketcap.com/img/company-logos/256/ALV.DE.png,logos\SEALV.DE.png
